Localidad	Derivado		Boca de expendio					Dirección			Bandera		Precio sin impuesto	Precio final	Volumen informado (m3)		Exento
CAPITAL FEDERAL	Gas Oil Grado 2		PAN AMERICAN ENERGY LLC, SUCURSAL ARGENTINA					J. B. Justo 8005 (esq. Lope De Vega)			AXION		1.568,02	2.189,00	30,00		NO
CAPITAL FEDERAL	Gas Oil Grado 2		AUTOMOVIL CLUB ARGENTINO					FRANCISCO BEIRO 3561			YPF		1.499,26	2.093,00	22,63		NO
CAPITAL FEDERAL	Gas Oil Grado 2		PROINCO SA					AV. LA PLATA 901			YPF		1.408,03	2.103,00	132,74		NO
CAPITAL FEDERAL	Gas Oil Grado 2		PAN AMERICAN ENERGY LLC, SUCURSAL ARGENTINA					Av. Cruz 1501 (esq. Centenera)			AXION		1.568,02	2.189,00	34,99		NO
CAPITAL FEDERAL	Gas Oil Grado 2		TERGEN SRL					Directorio 2578			YPF		1.499,22	2.112,00	52,59		NO
CAPITAL FEDERAL	Gas Oil Grado 2		LA QUINTA ESTACION S.R.L.					AV.GRAL.MOSCONI 3289			YPF		1.496,94	2.116,00	26,73		NO
CAPITAL FEDERAL	Gas Oil Grado 2		DEHEZA S.A.I.C.F.I.					AV. CRAMER 1691			SHELL C.A.P.S.A.		1.574,97	2.199,00	5,18		NO
CAPITAL FEDERAL	Gas Oil Grado 2		WHITE S.R.L.					AV. DIRECTORIO 4586			GULF		1.632,79	2.265,00	70,13		NO
CAPITAL FEDERAL	Gas Oil Grado 2		CHICLANA 3827 SRL					CHICLANA 3827			BLANCA		1.891,33	2.299,00	1,45		NO
CAPITAL FEDERAL	Gas Oil Grado 2		SUCESORES DE LOPEZ ALDAO Y CIA. S.R. L.					AV. SAN MARTI­N 7001			YPF		1.501,46	2.111,00	39,04		NO
CAPITAL FEDERAL	Gas Oil Grado 2		DEHEZA S.A.I.C.F.I.					AV. CABILDO 4701			SHELL C.A.P.S.A.		1.574,97	2.199,00	15,00		NO
CAPITAL FEDERAL	Gas Oil Grado 2		LAFUENTE COMBUSTIBLESS.R.L.					AVDA. RABANAL 2999			BLANCA		1.793,20	2.445,00	19,60		NO
CAPITAL FEDERAL	Gas Oil Grado 2		PERFORMANCE FUELS SRL					AV BEIRO 4610			SHELL C.A.P.S.A.		1.538,84	2.199,00	18,66		NO
CAPITAL FEDERAL	Gas Oil Grado 2		RERIFE S.A.					AV. JUAN BAUTISTA ALBERDI 100			YPF		1.499,04	2.112,00	25,59		NO
CAPITAL FEDERAL	Gas Oil Grado 2		PAN AMERICAN ENERGY LLC, SUCURSAL ARGENTINA					Av. Rivadavia 8201/31 (esq. Joaquin V. Gonzalez)			AXION		1.568,02	2.189,00	15,59		NO
CAPITAL FEDERAL	Gas Oil Grado 2		NUESTRO SOSIEGO SA					DONATO ALVAREZ 2290			YPF		1.496,70	2.101,00	69,01		NO
CAPITAL FEDERAL	Gas Oil Grado 2		AUTOMOVIL CLUB ARGENTINO					AV. CABILDO 1499			YPF		1.510,29	2.112,00	16,51		NO
CAPITAL FEDERAL	Gas Oil Grado 2		SOLMAY S.R.L					AV. JUAN BAUTISTA ALBERDI 4402			YPF		1.497,98	2.122,00	51,30		NO
CAPITAL FEDERAL	Gas Oil Grado 2		DEHEZA S.A.I.C.F.I.					AV. LIBERTADOR 7920			SHELL C.A.P.S.A.		1.575,64	2.199,00	11,83		NO
CAPITAL FEDERAL	Gas Oil Grado 2		PAN AMERICAN ENERGY LLC, SUCURSAL ARGENTINA					San Martín 1521 (esq. Luis Viale)			AXION		1.568,02	2.189,00	19,38		NO
CAPITAL FEDERAL	Gas Oil Grado 2		PSF UNISERVICIOS S.R.L					Jose m.Moreno 1483			YPF		1.496,25	2.112,00	70,80		NO
CAPITAL FEDERAL	Gas Oil Grado 2		RED PETROL S.A.					AV.CNEL ROCA 6787			YPF		1.506,90	2.112,00	474,34		NO
CAPITAL FEDERAL	Gas Oil Grado 2		PAN AMERICAN ENERGY LLC, SUCURSAL ARGENTINA					Av. Gral. Paz 525 (esq. Cuevas)			AXION		1.568,02	2.189,00	96,59		NO
CAPITAL FEDERAL	Gas Oil Grado 2		VICINI COMBUSTIBLES S.A.					AVENIDA DIRECTORIO 5698			SHELL C.A.P.S.A.		1.580,27	2.199,00	122,49		NO
CAPITAL FEDERAL	Gas Oil Grado 2		KLIVE S.A.					COLPAYO 406			YPF		1.496,81	2.101,00	41,46		NO
CAPITAL FEDERAL	Gas Oil Grado 2		CRISTINA ISABELLI DE MARTINEZ E HIJOS S.H					juramento 3411			DAPSA S.A.		1.445,78	2.127,00	80,00		NO
CAPITAL FEDERAL	Gas Oil Grado 2		NAFPUR XXI SA.					Zelarrayan 5530			YPF		1.514,64	2.112,00	290,91		NO
CAPITAL FEDERAL	Gas Oil Grado 2		OPESSA ACA AUTODROMO					AVENIDA CNEL. JOSE SEGUNDO ROCA 4550			YPF		1.552,59	2.112,00	115,09		NO
CAPITAL FEDERAL	Gas Oil Grado 2		PAN AMERICAN ENERGY LLC, SUCURSAL ARGENTINA					Av. La Plata 575 (esq. Alberdi)			AXION		1.568,02	2.189,00	15,43		NO
CAPITAL FEDERAL	Gas Oil Grado 2		AUTOMOVIL CLUB ARGENTINO					AV.MONTES DE OCA Y M.GARCIA			YPF		1.499,04	2.119,00	41,46		NO
CAPITAL FEDERAL	Gas Oil Grado 2		RIO DE JANEIRO SA.					RIO DE JANEIRO 464			YPF		1.501,11	2.101,00	18,67		SI
CAPITAL FEDERAL	Gas Oil Grado 2		DEHEZA S.A.I.C.F.E.I					AU. DELLEPIANE 4187 (MANO PROVINCIA)			SHELL C.A.P.S.A.		1.574,97	2.199,00	47,92		NO
CAPITAL FEDERAL	Gas Oil Grado 2		PAN AMERICAN ENERGY LLC, SUCURSAL ARGENTINA					Emilio Castro 6512 (esq. Cafayate)			AXION		1.568,02	2.189,00	21,89		NO
CAPITAL FEDERAL	Gas Oil Grado 2		SERVICIOS TIGRE S.A:					JUAN B. JUSTO 4490			SHELL C.A.P.S.A.		1.579,58	2.199,00	8,93		NO
CAPITAL FEDERAL	Gas Oil Grado 2		DEHEZA S.A.I.C.I.F.I.					AV. GRAL. PAZ 5500- MANO CAPITAL.			SHELL C.A.P.S.A.		1.591,50	2.219,00	51,36		NO
CAPITAL FEDERAL	Gas Oil Grado 2		NOCEDA S.A.					Warnes 236			YPF		1.513,13	2.112,00	5,86		NO
CAPITAL FEDERAL	Gas Oil Grado 2		MAURER & GRUMELLI S.R.L.					MIRANDA 5317			YPF		1.496,93	2.101,00	34,82		NO
CAPITAL FEDERAL	Gas Oil Grado 2		PAN AMERICAN ENERGY LLC, SUCURSAL ARGENTINA					Av. Rivadavia 3199 (esq. Anchorena)			AXION		1.568,02	2.189,00	10,59		NO
CAPITAL FEDERAL	Gas Oil Grado 2		DEHEZA S.A.I.C.I.F.I.					AV. GRAL. PAZ 5400- MANO PROVINCIA.			SHELL C.A.P.S.A.		1.591,50	2.219,00	71,85		NO
CAPITAL FEDERAL	Gas Oil Grado 2		CASTAÑO AUTOVOX SRL					AV Tte Gral DELLEPIANE 5950			SHELL C.A.P.S.A.		1.231,54	2.199,00	9,00		NO
CAPITAL FEDERAL	Gas Oil Grado 2		JONTE 3386 SRL					JONTE 3386			YPF		1.727,69	2.101,00	29,66		NO
CAPITAL FEDERAL	Gas Oil Grado 2		DEHEZA S.A.C.I.F.I					24 DE NOVIEMBRE E INDEPENDENCIA			SHELL C.A.P.S.A.		1.574,85	2.199,00	19,31		NO
CAPITAL FEDERAL	Gas Oil Grado 2		DESTINATUM S.A.					Av Eva Peron 6102			YPF		1.500,74	2.112,00	204,73		NO
CAPITAL FEDERAL	Gas Oil Grado 2		SERVICIO ESCALADA S.A.					ESACALADA 678			YPF		1.499,70	2.110,00	34,11		NO
CAPITAL FEDERAL	Gas Oil Grado 2		YAPAY NEASA S.R.L.					AV. BALBIN 3560			SHELL C.A.P.S.A.		1.576,34	2.199,00	13,84		NO
CAPITAL FEDERAL	Gas Oil Grado 2		PASGAL S.A.					ATUEL 1093			SHELL C.A.P.S.A.		1.578,98	2.199,00	212,89		NO
CAPITAL FEDERAL	Gas Oil Grado 2		DEVOTO STATION SA					Av. Chiclana 3702			SHELL C.A.P.S.A.		1.596,36	2.219,00	56,87		NO
CAPITAL FEDERAL	Gas Oil Grado 2		UBR S.A.					Avda Juan B Justo 3508			YPF		1.493,04	2.105,00	30,05		NO
CAPITAL FEDERAL	Gas Oil Grado 2		DTP SA					AV. RIVADAVIA 10984			PUMA		1.539,62	2.180,00	5.009,00		NO
CAPITAL FEDERAL	Gas Oil Grado 2		VERSALLES MULTISERVICE SRL					IRIGOYEN 1260			SHELL C.A.P.S.A.		1.584,52	2.199,00	30,39		NO
CAPITAL FEDERAL	Gas Oil Grado 2		INV-EST S.C.A.					AV. ASAMBLEA 1502			SHELL C.A.P.S.A.		1.264,64	2.199,00	15,00		NO
CAPITAL FEDERAL	Gas Oil Grado 2		PAN AMERICAN ENERGY LLC, SUCURSAL ARGENTINA					Av. Monroe 3078 (esq. Balbin)			AXION		1.576,28	2.199,00	19,64		NO
CAPITAL FEDERAL	Gas Oil Grado 2		INCAT S.R.L.					AV. INDEPENDENCIA 2701			YPF		1.499,46	2.112,00	50,99		NO
CAPITAL FEDERAL	Gas Oil Grado 2		AUTOMOVIL CLUB ARGENTINO					AV.RIVADAVIA 7530			YPF		1.498,70	2.119,00	28,81		NO
CAPITAL FEDERAL	Gas Oil Grado 2		CASTAÑO AUTOVOR SRL					AUT DELLEPIANE 6017 MANO PROVINCIA			SHELL C.A.P.S.A.		1.231,54	2.199,00	6,00		NO
CAPITAL FEDERAL	Gas Oil Grado 2		OCTOBER S.A.					AV. WARNES 2040			AXION		1.271,44	2.189,00	27,18		NO
CAPITAL FEDERAL	Gas Oil Grado 2		EMICAS SRL					AV. EMILIO CASTRO 7541			AXION		1.520,00	2.188,00	48,40		NO
CAPITAL FEDERAL	Gas Oil Grado 2		RIVAGAS S.A.					AV. RIVADAVIA 8101			YPF		1.497,65	2.112,00	13,77		NO
CAPITAL FEDERAL	Gas Oil Grado 2		PETROLFE S.A.					Av.San Juan 2901			YPF		1.522,10	2.112,52	33,59		NO
CAPITAL FEDERAL	Gas Oil Grado 2		ESTACION DE SERVICIO ALCOVER SRL					AV. EVA PERON 7460			SHELL C.A.P.S.A.		1.581,52	2.199,00	90,15		NO
CAPITAL FEDERAL	Gas Oil Grado 2		REFINERIA BAHIA BLANCA S.A.U.					VELEZ SARFIELD 522 0 ESQ. CORTEJARENA			PUMA		1.556,69	2.141,00	49,12		NO
CAPITAL FEDERAL	Gas Oil Grado 2		PAN AMERICAN ENERGY LLC, SUCURSAL ARGENTINA					Triunvirato 5878 (esq. Av. Crisólogo Larralde)			AXION		1.576,28	2.199,00	22,32		NO
CAPITAL FEDERAL	Gas Oil Grado 2		HUACALERA SRL					Av. Juan de Garay 2780			YPF		1.499,87	2.110,00	38,81		NO
CAPITAL FEDERAL	Gas Oil Grado 2		PROODOS SA					AV. JUAN B. JUSTO 5315			YPF		1.497,13	2.101,00	36,30		NO
CAPITAL FEDERAL	Gas Oil Grado 2		SAN JUAN Y SOLIS ALVAREZ Y DI LEVA S.A.					AV. SAN JUAN 1701			YPF		1.502,29	2.112,00	33,71		NO
CAPITAL FEDERAL	Gas Oil Grado 2		PAN AMERICAN ENERGY LLC, SUCURSAL ARGENTINA					Av. Mosconi 2500 (esq. J.G. de Artigas)			AXION		1.576,28	2.199,00	20,70		NO
CAPITAL FEDERAL	Gas Oil Grado 2		OPESSA ACA ONCE					AV RIVADAVIA 3341			YPF		1.543,25	2.101,00	34,76		NO
CAPITAL FEDERAL	Gas Oil Grado 2		ROAL SRL					MARIANO ACOSTA 1195			SHELL C.A.P.S.A.		1.565,64	2.199,00	326,17		NO
CAPITAL FEDERAL	Gas Oil Grado 2		GOMCOM S.A.					AV F.F.DE LA CRUZ 3205			SHELL C.A.P.S.A.		1.596,52	2.199,00	46,70		NO
CAPITAL FEDERAL	Gas Oil Grado 2		MADRO S.A.					AV. AMANCIO ALCORTA 2711			YPF		1.382,46	2.119,00	364,68		NO
CAPITAL FEDERAL	Gas Oil Grado 2		ESTACION DE SERVICIO NORTEÑA SRL					Av Ricardo Balbin 4491			YPF		1.356,75	2.114,00	230,67		NO
CAPITAL FEDERAL	Gas Oil Grado 2		SAN JORGE S.A.					AV JUAN B. JUSTO Nº 9091			SHELL C.A.P.S.A.		1.574,97	2.199,00	30,23		NO
CAPITAL FEDERAL	Gas Oil Grado 2		GHIOLDI HNOS.S.A.DE T.C.I.Y F.					AV.AMANCIO ALCORTA Y LOS PATOS			BLANCA		1.642,40	2.279,00	48,40		NO
CAPITAL FEDERAL	Gas Oil Grado 2		PAN AMERICAN ENERGY LLC, SUCURSAL ARGENTINA					Av. Congreso 4801 (esq. Galvan)			AXION		1.576,28	2.199,00	19,86		NO
CAPITAL FEDERAL	Gas Oil Grado 2		LEJEM S.A.					INTENDENTE RABANAL 1733			AXION		1.560,50	2.189,00	235,42		NO
CAPITAL FEDERAL	Gas Oil Grado 2		CORRO NORTE S.A					CORRO 501			YPF		1.727,69	2.101,00	113,36		NO
CAPITAL FEDERAL	Gas Oil Grado 2		PANAMERICANA SRL					AV. SAN MARTIN 5316			YPF		1.498,59	2.111,00	16,35		NO
CAPITAL FEDERAL	Gas Oil Grado 2		ESTACION DE SERVICIOS AVALOS S.A.					AV.DE LOS INCAS 4801			YPF		1.497,40	2.111,00	51,50		NO
CAPITAL FEDERAL	Gas Oil Grado 2		ROCCA COMBUSTIBLES S.A.					Av. Juan B. Alberdi 7019			SHELL C.A.P.S.A.		1.581,52	2.199,00	41,29		NO
CAPITAL FEDERAL	Gas Oil Grado 2		PAN AMERICAN ENERGY LLC, SUCURSAL ARGENTINA					AV. F. Beiró 5501 esq. Moliere			AXION		1.568,02	2.189,00	37,17		NO
CAPITAL FEDERAL	Gas Oil Grado 2		DARSISA S.A.					AV. JUAN B. JUSTO Nº 7099			YPF		630,19	2.101,00	54,76		NO
CAPITAL FEDERAL	Gas Oil Grado 2		GC CONGRESO S.R.L					ENTRE RIOS 1102			PUMA		1.565,96	2.180,00	7,35		NO
CAPITAL FEDERAL	Gas Oil Grado 2		UNENS S.R.L.					ESPINOSA 605			YPF		1.400,78	2.101,00	31,90		NO
CAPITAL FEDERAL	Gas Oil Grado 2		BOYACA C.I.S.A.					AV.ELCANO 4000			YPF		1.501,46	2.111,00	25,97		NO
CAPITAL FEDERAL	Gas Oil Grado 2		ESTACION DE SERVICIO VAZQUEZ HNOS.SRL					Piedrabuena 4611			PUMA		1.581,53	2.180,00	117,26		NO
CAPITAL FEDERAL	Gas Oil Grado 2		PAN AMERICAN ENERGY LLC, SUCURSAL ARGENTINA					Av. Cabildo 685/89/90/95 (esq. Olleros)			AXION		1.576,28	2.199,00	10,63		NO
CAPITAL FEDERAL	Gas Oil Grado 2		PAN AMERICAN ENERGY LLC, SUCURSAL ARGENTINA					Las Heras 2499 (esq. Galileo)			AXION		1.576,28	2.199,00	19,97		NO
CAPITAL FEDERAL	Gas Oil Grado 2		GASPARQUE S.A.					AV. DR. RICARDO BALBIN 5041			YPF		1.523,40	2.111,00	231,78		NO
CAPITAL FEDERAL	Gas Oil Grado 2		GASOLEO S.A.					Av. Juan B. Alberdi 7500			YPF		1.486,10	2.112,00	264,90		NO
CAPITAL FEDERAL	Gas Oil Grado 2		ESTACION LIMA S.R.L.					Lima 835			SHELL C.A.P.S.A.		1.574,97	2.199,00	50,32		NO
CAPITAL FEDERAL	Gas Oil Grado 2		UNICOMB S.R.L					Ramón L. Falcón 6398			AXION		1.263,00	2.209,00	11,78		NO
CAPITAL FEDERAL	Gas Oil Grado 2		ROJO Y AMARILLO S.R.L.					A.THOMAS 2010			SHELL C.A.P.S.A.		1.555,81	2.209,00	21,00		NO
CAPITAL FEDERAL	Gas Oil Grado 2		PAN AMERICAN ENERGY LLC, SUCURSAL ARGENTINA					Av.Cordoba 5657 (esq. Bonpland)			AXION		1.568,02	2.189,00	32,55		NO
CAPITAL FEDERAL	Gas Oil Grado 2		ESTACION S.A.					Asamblea 19			SHELL C.A.P.S.A.		1.255,04	2.219,00	9,00		NO
CAPITAL FEDERAL	Gas Oil Grado 2		ANALIA SUSANA MARTINEZ					AV. LARRAZABAL 801			YPF		1.381,50	2.112,00	24,00		NO
CAPITAL FEDERAL	Gas Oil Grado 2		COLON SRL					Av. de los Constituyentes 3516			SHELL C.A.P.S.A.		1.817,12	2.199,00	19,01		NO
CAPITAL FEDERAL	Gas Oil Grado 2		OPESSA					VELEZ SARFIELD 850			YPF		1.552,59	2.112,00	274,15		NO
CAPITAL FEDERAL	Gas Oil Grado 2		NAFPUR S.A.					Larrazabal 3645			YPF		1.515,08	2.099,00	114,05		NO
CAPITAL FEDERAL	Gas Oil Grado 2		ALBERDI 2299 SRL					AV. JUAN B. ALBERDI 2299			SHELL C.A.P.S.A.		1.775,20	2.219,00	19,38		NO
CAPITAL FEDERAL	Gas Oil Grado 2		PAN AMERICAN ENERGY LLC, SUCURSAL ARGENTINA					Av Los Incas 3550			AXION		1.544,03	2.189,00	12,72		NO
CAPITAL FEDERAL	Gas Oil Grado 2		ESTADÍAS Y SERVICIOS SA					ALMAFUERTE 187			AXION		1.568,02	2.189,00	251,92		NO
CAPITAL FEDERAL	Gas Oil Grado 2		ROCCA COMBUSTIBLES S.A.					AV. ENTRE RIOS 1890			SHELL C.A.P.S.A.		1.581,52	2.199,00	100,77		NO
CAPITAL FEDERAL	Gas Oil Grado 2		BRAMO S.A.					AV. JUAN B. JUSTO 4407			SHELL C.A.P.S.A.		1.594,72	2.219,00	7,80		NO
CAPITAL FEDERAL	Gas Oil Grado 2		SUPER SERVICIOS S.A.					EUSTAQUIO CAMBIESES 1780			YPF		1.406,42	2.112,00	91,24		NO
CAPITAL FEDERAL	Gas Oil Grado 2		PAN AMERICAN ENERGY LLC, SUCURSAL ARGENTINA					Gaona 2399 (esq Trelles)			AXION		1.568,02	2.189,00	20,69		NO
CAPITAL FEDERAL	Gas Oil Grado 2		PAN AMERICAN ENERGY LLC, SUCURSAL ARGENTINA					Av. Jujuy 164/196 (esq. Alsina)			AXION		1.568,02	2.189,00	16,71		NO
CAPITAL FEDERAL	Gas Oil Grado 2		FAST OIL S.A.					AV. SAN MARTIN 2401			SHELL C.A.P.S.A.		1.500,64	2.219,00	9,22		NO
CAPITAL FEDERAL	Gas Oil Grado 2		GARAGE Y EST.DE SERV.EL PROGRESO S.A.					AV. OLIVERA 1136			YPF		1.502,00	2.112,00	100,00		NO
CAPITAL FEDERAL	Gas Oil Grado 2		FGC FUELS MARKETING SA					Famatina 3387			SHELL C.A.P.S.A.		1.515,38	2.199,00	122,04		NO
CAPITAL FEDERAL	Gas Oil Grado 2		TRIGAS S.A.					AV.CNEL.ROCA N° 6883			SHELL C.A.P.S.A.		1.579,03	2.199,00	87,78		NO
CAPITAL FEDERAL	Gas Oil Grado 2		ROCCA COMBUSTIBLES S.A.					AV. ENTRE RIOS 1803			SHELL C.A.P.S.A.		1.581,52	2.199,00	98,66		NO
CAPITAL FEDERAL	Gas Oil Grado 2		CALITRI FILOMENA LUCIA Y NIETO HORACIO ALFREDO					AVDA ESCALADA 2951			YPF		1.498,59	2.318,00	45,98		NO
CAPITAL FEDERAL	Gas Oil Grado 2		PAN AMERICAN ENERGY LLC, SUCURSAL ARGENTINA					Autopista Gral. Paz 11200 (esq. Humaitá)			AXION		1.568,02	2.189,00	145,33		NO
CAPITAL FEDERAL	Gas Oil Grado 2		DEHEZA S.A.I.C.F.I.					AV. CORRIENTES 6535			SHELL C.A.P.S.A.		1.574,97	2.199,00	19,93		NO
CAPITAL FEDERAL	Gas Oil Grado 2		TECNOLOGIA D´ATRI SRL					BRASIL 2984			AXION		1.571,53	2.189,00	24,35		NO
CAPITAL FEDERAL	Gas Oil Grado 2		AUTOMOVIL CLUB ARGENTINO					godoy cruz 3151			YPF		1.509,83	2.112,00	63,51		NO
CAPITAL FEDERAL	Gas Oil Grado 2		PAN AMERICAN ENERGY LLC, SUCURSAL ARGENTINA					Av. Libertador 2587 (esq. J. Salguero)			AXION		1.576,28	2.199,00	43,86		NO
CAPITAL FEDERAL	Gas Oil Grado 2		PROYECTOS SUSTENTABLES S.A.					LISANDRO DE LA TORRE 2179			YPF		1.479,13	2.112,00	240,18		NO
CAPITAL FEDERAL	Gas Oil Grado 2		MONTES DE OCA 1885 S.R.L.					MONTES DE OCA 1885			SHELL C.A.P.S.A.		1.594,78	2.219,00	297,79		NO
CAPITAL FEDERAL	Gas Oil Grado 2		PAN AMERICAN ENERGY LLC, SUCURSAL ARGENTINA					Av. Juan de Garay 1302 (esq. Santiago del Estero)			AXION		1.568,02	2.189,00	44,48		NO
CAPITAL FEDERAL	Gas Oil Grado 2		DEHEZA S.A.I.C.F.E.I					AU DELLEPIANE 4180			SHELL C.A.P.S.A.		1.574,97	2.199,00	56,01		NO
CAPITAL FEDERAL	Gas Oil Grado 2		ALGAVI SA					EVA PERON 2101			SHELL C.A.P.S.A.		1.589,31	2.199,00	14,45		NO
CAPITAL FEDERAL	Gas Oil Grado 2		SUPER SERVICIOS SA					AV AVELLANEDA 1628			YPF		1.412,09	2.101,00	33,76		NO
CAPITAL FEDERAL	Gas Oil Grado 2		DEHEZA S.A.I.C.F.I.					AUT. ILLIA ENTRE 7 Y PEAJE			SHELL C.A.P.S.A.		1.574,97	2.199,00	34,01		NO
CAPITAL FEDERAL	Gas Oil Grado 3		ALBERDI 2299 SRL					AV. JUAN B. ALBERDI 2299			SHELL C.A.P.S.A.		1.910,19	2.499,00	32,82		NO
CAPITAL FEDERAL	Gas Oil Grado 3		PROYECTOS SUSTENTABLES S.A.					LISANDRO DE LA TORRE 2179			YPF		1.654,08	2.318,00	136,15		NO
CAPITAL FEDERAL	Gas Oil Grado 3		OPESSA					AV CORDOBA 5984 Y DORREGO			YPF		1.767,96	2.350,00	34,03		NO
CAPITAL FEDERAL	Gas Oil Grado 3		CRISTINA ISABELLI DE MARTINEZ E HIJOS S.H					juramento 3411			DAPSA S.A.		1.745,78	2.369,00	3,00		NO
CAPITAL FEDERAL	Gas Oil Grado 3		PROODOS SA					AV. JUAN B. JUSTO 5315			YPF		1.689,03	2.320,00	61,61		NO
CAPITAL FEDERAL	Gas Oil Grado 3		OPESSA					VELEZ SARFIELD 850			YPF		1.740,69	2.318,00	66,43		NO
CAPITAL FEDERAL	Gas Oil Grado 3		OPESSA					AV. CABILDO 4108			YPF		1.767,96	2.350,00	44,35		NO
CAPITAL FEDERAL	Gas Oil Grado 3		OPESSA					J B JUSTO 1215 Y NICARAGUA			YPF		1.767,96	2.350,00	52,49		NO
CAPITAL FEDERAL	Gas Oil Grado 3		PROINCO SA					AV. LA PLATA 901			YPF		1.580,13	2.318,00	39,09		NO
CAPITAL FEDERAL	Gas Oil Grado 3		OPESSA					AV CORDOBA 4201 Y PRINGLES			YPF		1.767,96	2.350,00	37,37		NO
CAPITAL FEDERAL	Gas Oil Grado 3		DARSISA S.A.					AV. JUAN B. JUSTO Nº 7099			YPF		680,23	2.320,00	60,96		NO
CAPITAL FEDERAL	Gas Oil Grado 3		OPESSA					AV DE LOS CONSTITUYENTES 6070			YPF		1.749,21	2.328,00	72,42		NO
CAPITAL FEDERAL	Gas Oil Grado 3		OPESSA					AV CABILDO 3501			YPF		1.767,96	2.350,00	46,29		NO
CAPITAL FEDERAL	Gas Oil Grado 3		AUTOMOVIL CLUB ARGENTINO					godoy cruz 3151			YPF		1.697,91	2.330,00	108,01		NO
CAPITAL FEDERAL	Gas Oil Grado 3		OPESSA					AV DIRECTORIO 4311/27 Y OLIVERA			YPF		1.740,69	2.318,00	42,50		NO
CAPITAL FEDERAL	Gas Oil Grado 3		PETROLFE S.A.					Av.San Juan 2901			YPF		1.697,15	2.318,00	47,96		SI
CAPITAL FEDERAL	Gas Oil Grado 3		OPESSA					AV DIAZ VELEZ 4373 Y YATAY			YPF		1.742,39	2.320,00	48,47		NO
CAPITAL FEDERAL	Gas Oil Grado 3		OPESSA					FIGUEROA ALCORTA 6608 Y ECHEVERRIA			YPF		1.767,96	2.350,00	152,03		NO
CAPITAL FEDERAL	Gas Oil Grado 3		DEHEZA S.A.C.I.F.I					24 DE NOVIEMBRE E INDEPENDENCIA			SHELL C.A.P.S.A.		1.822,91	2.499,00	61,83		NO
CAPITAL FEDERAL	Gas Oil Grado 3		PERFORMANCE FUELS SRL					AV BEIRO 4610			SHELL C.A.P.S.A.		1.808,41	2.499,00	47,63		NO
CAPITAL FEDERAL	Gas Oil Grado 3		OPESSA					AV.FRANCISCO BEIRÓ 5804			YPF		1.749,21	2.328,00	68,03		NO
CAPITAL FEDERAL	Gas Oil Grado 3		TERGEN SRL					Directorio 2578			YPF		1.681,54	2.318,00	43,29		NO
CAPITAL FEDERAL	Gas Oil Grado 3		OPESSA ACA AUTODROMO					AVENIDA CNEL. JOSE SEGUNDO ROCA 4550			YPF		1.740,69	2.318,00	69,42		NO
CAPITAL FEDERAL	Gas Oil Grado 3		OPESSA ACA CABALLITO					AV GAONA 1204 Y MARTIN DE GAINZA			YPF		1.742,39	2.320,00	15,25		NO
CAPITAL FEDERAL	Gas Oil Grado 3		DEHEZA S.A.I.C.F.E.I					AU DELLEPIANE 4180			SHELL C.A.P.S.A.		1.822,90	2.499,00	92,55		NO
CAPITAL FEDERAL	Gas Oil Grado 3		PASGAL S.A.					ATUEL 1093			SHELL C.A.P.S.A.		1.827,90	2.499,00	70,25		NO
CAPITAL FEDERAL	Gas Oil Grado 3		OPESSA ACA ONCE					AV RIVADAVIA 3341			YPF		1.742,39	2.320,00	59,83		NO
CAPITAL FEDERAL	Gas Oil Grado 3		PANAMERICANA SRL					AV. SAN MARTIN 5316			YPF		1.696,41	2.328,00	28,99		NO
CAPITAL FEDERAL	Gas Oil Grado 3		PAN AMERICAN ENERGY LLC, SUCURSAL ARGENTINA					Av. Jujuy 164/196 (esq. Alsina)			AXION		1.799,42	2.469,00	19,17		SI
CAPITAL FEDERAL	Gas Oil Grado 3		PAN AMERICAN ENERGY LLC, SUCURSAL ARGENTINA					Las Heras 2499 (esq. Galileo)			AXION		1.791,16	2.459,00	32,88		SI
CAPITAL FEDERAL	Gas Oil Grado 3		PAN AMERICAN ENERGY LLC, SUCURSAL ARGENTINA					Av. Juan de Garay 1302 (esq. Santiago del Estero)			AXION		1.799,42	2.469,00	43,45		SI
CAPITAL FEDERAL	Gas Oil Grado 3		PAN AMERICAN ENERGY LLC, SUCURSAL ARGENTINA					Av. Cruz 1501 (esq. Centenera)			AXION		1.799,42	2.469,00	36,64		SI
CAPITAL FEDERAL	Gas Oil Grado 3		DEHEZA S.A.I.C.F.E.I					AU. DELLEPIANE 4187 (MANO PROVINCIA)			SHELL C.A.P.S.A.		1.822,90	2.499,00	116,47		NO
CAPITAL FEDERAL	Gas Oil Grado 3		PAN AMERICAN ENERGY LLC, SUCURSAL ARGENTINA					J. B. Justo 8005 (esq. Lope De Vega)			AXION		1.799,42	2.469,00	55,35		SI
CAPITAL FEDERAL	Gas Oil Grado 3		PAN AMERICAN ENERGY LLC, SUCURSAL ARGENTINA					Av. Rivadavia 8201/31 (esq. Joaquin V. Gonzalez)			AXION		1.799,42	2.469,00	25,09		SI
CAPITAL FEDERAL	Gas Oil Grado 3		ALGAVI SA					EVA PERON 2101			SHELL C.A.P.S.A.		1.837,91	2.499,00	24,36		NO
CAPITAL FEDERAL	Gas Oil Grado 3		PAN AMERICAN ENERGY LLC, SUCURSAL ARGENTINA					Av. Gral. Paz 525 (esq. Cuevas)			AXION		1.799,42	2.469,00	127,04		SI
CAPITAL FEDERAL	Gas Oil Grado 3		TECNOLOGIA D´ATRI SRL					BRASIL 2984			AXION		1.800,25	2.469,00	32,25		NO
CAPITAL FEDERAL	Gas Oil Grado 3		PAN AMERICAN ENERGY LLC, SUCURSAL ARGENTINA					San Martín 1521 (esq. Luis Viale)			AXION		1.799,42	2.469,00	24,85		SI
CAPITAL FEDERAL	Gas Oil Grado 3		PAN AMERICAN ENERGY LLC, SUCURSAL ARGENTINA					Av. La Plata 575 (esq. Alberdi)			AXION		1.799,42	2.469,00	24,93		SI
CAPITAL FEDERAL	Gas Oil Grado 3		PAN AMERICAN ENERGY LLC, SUCURSAL ARGENTINA					Av. Rivadavia 3199 (esq. Anchorena)			AXION		1.799,42	2.469,00	13,50		SI
CAPITAL FEDERAL	Gas Oil Grado 3		DEHEZA S.A.I.C.F.I					AV. FIGUEROA ALCORTA 3099			SHELL C.A.P.S.A.		1.822,90	2.499,00	112,28		NO
CAPITAL FEDERAL	Gas Oil Grado 3		PAN AMERICAN ENERGY LLC, SUCURSAL ARGENTINA					Av. Monroe 3078 (esq. Balbin)			AXION		1.791,16	2.459,00	28,78		SI
CAPITAL FEDERAL	Gas Oil Grado 3		PAN AMERICAN ENERGY LLC, SUCURSAL ARGENTINA					Emilio Castro 6512 (esq. Cafayate)			AXION		1.782,89	2.449,00	45,23		SI
CAPITAL FEDERAL	Gas Oil Grado 3		PAN AMERICAN ENERGY LLC, SUCURSAL ARGENTINA					Triunvirato 5878 (esq. Av. Crisólogo Larralde)			AXION		1.791,16	2.459,00	33,67		SI
CAPITAL FEDERAL	Gas Oil Grado 3		SUPER SERVICIOS S.A.					AV. LIBERTADOR 5002			YPF		1.596,20	2.350,00	58,13		NO
CAPITAL FEDERAL	Gas Oil Grado 3		PAN AMERICAN ENERGY LLC, SUCURSAL ARGENTINA					Av. Congreso 4801 (esq. Galvan)			AXION		1.791,16	2.459,00	27,36		SI
CAPITAL FEDERAL	Gas Oil Grado 3		PAN AMERICAN ENERGY LLC, SUCURSAL ARGENTINA					Av. Mosconi 2500 (esq. J.G. de Artigas)			AXION		1.791,16	2.459,00	36,38		SI
CAPITAL FEDERAL	Gas Oil Grado 3		PAN AMERICAN ENERGY LLC, SUCURSAL ARGENTINA					AV. F. Beiró 5501 esq. Moliere			AXION		1.799,42	2.469,00	50,65		SI
CAPITAL FEDERAL	Gas Oil Grado 3		DEHEZA S.A.I.C.F.I.					AV. CORRIENTES 6535			SHELL C.A.P.S.A.		1.822,91	2.499,00	56,57		NO
CAPITAL FEDERAL	Gas Oil Grado 3		PAN AMERICAN ENERGY LLC, SUCURSAL ARGENTINA					Av.Cordoba 5657 (esq. Bonpland)			AXION		1.799,42	2.469,00	40,36		SI
CAPITAL FEDERAL	Gas Oil Grado 3		AUTOMOVIL CLUB ARGENTINO					AV.RIVADAVIA 7530			YPF		1.680,90	2.323,00	60,64		NO
CAPITAL FEDERAL	Gas Oil Grado 3		PAN AMERICAN ENERGY LLC, SUCURSAL ARGENTINA					Av. Cabildo 685/89/90/95 (esq. Olleros)			AXION		1.791,16	2.459,00	21,02		SI
CAPITAL FEDERAL	Gas Oil Grado 3		PAN AMERICAN ENERGY LLC, SUCURSAL ARGENTINA					Av Los Incas 3550			AXION		1.799,42	2.469,00	17,50		SI
CAPITAL FEDERAL	Gas Oil Grado 3		PAN AMERICAN ENERGY LLC, SUCURSAL ARGENTINA					Autopista Gral. Paz 11200 (esq. Humaitá)			AXION		1.799,42	2.469,00	136,69		SI
CAPITAL FEDERAL	Gas Oil Grado 3		PAN AMERICAN ENERGY LLC, SUCURSAL ARGENTINA					Gaona 2399 (esq Trelles)			AXION		1.799,42	2.469,00	30,30		SI
CAPITAL FEDERAL	Gas Oil Grado 3		PAN AMERICAN ENERGY LLC, SUCURSAL ARGENTINA					Av. Libertador 2587 (esq. J. Salguero)			AXION		1.791,16	2.459,00	71,73		SI
CAPITAL FEDERAL	Gas Oil Grado 3		DEHEZA S.A.I.C.F.I.					Av.Diaz Velez 4368			SHELL C.A.P.S.A.		1.772,67	2.429,00	61,77		NO
CAPITAL FEDERAL	Gas Oil Grado 3		WHITE S.R.L.					AV. DIRECTORIO 4586			GULF		1.812,96	2.483,00	33,70		NO
CAPITAL FEDERAL	Gas Oil Grado 3		SUPER SERVICIOS S.A.					EUSTAQUIO CAMBIESES 1780			YPF		1.581,06	2.318,00	28,26		NO
CAPITAL FEDERAL	Gas Oil Grado 3		DEHEZA S.A.I.C.F.I.					AUT. ILLIA ENTRE 7 Y PEAJE			SHELL C.A.P.S.A.		1.822,91	2.499,00	151,77		NO
CAPITAL FEDERAL	Gas Oil Grado 3		DEHEZA S.A.I.C.F.I.					AV. FIGUEROA ALCORTA 7786			SHELL C.A.P.S.A.		1.791,81	2.449,00	47,85		NO
CAPITAL FEDERAL	Gas Oil Grado 3		SUPER SERVICIOS SA					AV AVELLANEDA 1628			YPF		1.587,31	2.320,00	25,13		NO
CAPITAL FEDERAL	Gas Oil Grado 3		DEHEZA S.A.I.C.F.I.					AV. CRAMER 1691			SHELL C.A.P.S.A.		1.822,91	2.499,00	31,03		NO
CAPITAL FEDERAL	Gas Oil Grado 3		AUTOMOVIL CLUB ARGENTINO					FRANCISCO BEIRO 3561			YPF		1.694,05	2.348,00	45,63		NO
CAPITAL FEDERAL	Gas Oil Grado 3		DEHEZA S.A.I.C.F.I.					AV. CABILDO 4701			SHELL C.A.P.S.A.		1.822,91	2.499,00	60,21		NO
CAPITAL FEDERAL	Gas Oil Grado 3		DEHEZA S.A.I.C.F.I.					AV. CORDOBA 3710			SHELL C.A.P.S.A.		1.822,91	2.499,00	73,24		NO
CAPITAL FEDERAL	Gas Oil Grado 3		SUCESORES DE LOPEZ ALDAO Y CIA. S.R. L.					AV. SAN MARTI­N 7001			YPF		1.688,92	2.328,00	70,12		NO
CAPITAL FEDERAL	Gas Oil Grado 3		DEHEZA S.A.I.C.F.I.					AV. LIBERTADOR 7920			SHELL C.A.P.S.A.		1.822,91	2.499,00	54,87		NO
CAPITAL FEDERAL	Gas Oil Grado 3		DEHEZA S.A.I.C.F.I.					LINCOLN 3999			SHELL C.A.P.S.A.		1.822,91	2.499,00	41,35		NO
CAPITAL FEDERAL	Gas Oil Grado 3		AUTOMOVIL CLUB ARGENTINO					AV. CABILDO 1499			YPF		1.697,40	2.330,00	48,71		NO
CAPITAL FEDERAL	Gas Oil Grado 3		SOLMAY S.R.L					AV. JUAN BAUTISTA ALBERDI 4402			YPF		1.679,98	2.323,00	4,13		NO
CAPITAL FEDERAL	Gas Oil Grado 3		DEHEZA S.A.I.C.F.I.					AV. PASEO COLON 849			SHELL C.A.P.S.A.		1.822,91	2.499,00	147,11		NO
CAPITAL FEDERAL	Gas Oil Grado 3		DEHEZA S.A.I.C.I.F.I.					MAZA 391/97			SHELL C.A.P.S.A.		1.822,91	2.499,00	43,73		NO
CAPITAL FEDERAL	Gas Oil Grado 3		ALMIRO SRL					JUAN B. ALBERDI 1502			SHELL C.A.P.S.A.		1.409,56	2.499,00	42,32		NO
CAPITAL FEDERAL	Gas Oil Grado 3		SERVINORTE S.A.					PARAGUAY 1676 Y ARTURO CAPDEVILA			YPF		1.756,93	2.350,00	81,75		NO
CAPITAL FEDERAL	Gas Oil Grado 3		DEHEZA S.A.I.C.I.F.I.					LIBERTADOR 550			SHELL C.A.P.S.A.		1.822,91	2.499,00	165,42		NO
CAPITAL FEDERAL	Gas Oil Grado 3		DEHEZA S.A.I.C.I.F.I.					AV. GRAL. PAZ 5500- MANO CAPITAL.			SHELL C.A.P.S.A.		1.842,74	2.523,00	208,53		NO
CAPITAL FEDERAL	Gas Oil Grado 3		AUTOMOVIL CLUB ARGENTINO					AV.MONTES DE OCA Y M.GARCIA			YPF		1.680,78	2.323,00	49,43		NO
CAPITAL FEDERAL	Gas Oil Grado 3		DEHEZA S.A.I.C.I.F.I.					AV. GRAL. PAZ 5400- MANO PROVINCIA.			SHELL C.A.P.S.A.		1.842,74	2.523,00	203,39		NO
CAPITAL FEDERAL	Gas Oil Grado 3		VICINI COMBUSTIBLES S.A.					AVENIDA DIRECTORIO 5698			SHELL C.A.P.S.A.		1.828,42	2.499,00	52,18		NO
CAPITAL FEDERAL	Gas Oil Grado 3		SERVICIOS TIGRE S.A:					JUAN B. JUSTO 4490			SHELL C.A.P.S.A.		1.827,48	2.499,00	22,89		NO
CAPITAL FEDERAL	Gas Oil Grado 3		DESTINATUM S.A.					Av Eva Peron 6102			YPF		1.681,13	2.318,00	50,32		NO
CAPITAL FEDERAL	Gas Oil Grado 3		AUTOMOVIL CLUB ARGENTINO					AV.DEL LIBERTADOR 1850			YPF		1.697,50	2.330,00	131,06		NO
CAPITAL FEDERAL	Gas Oil Grado 3		DEVOTO STATION SA					Av. Chiclana 3702			SHELL C.A.P.S.A.		1.869,09	2.549,00	77,83		NO
CAPITAL FEDERAL	Gas Oil Grado 3		SERVICIO ESCALADA S.A.					ESACALADA 678			YPF		1.681,80	2.318,00	40,47		NO
CAPITAL FEDERAL	Gas Oil Grado 3		AVELLANEDA 2411 S.R.L.					AV. AVELLANEDA 2411			SHELL C.A.P.S.A.		1.822,91	2.499,00	30,88		NO
CAPITAL FEDERAL	Gas Oil Grado 3		EMICAS SRL					AV. EMILIO CASTRO 7541			AXION		1.729,00	2.449,00	32,66		NO
CAPITAL FEDERAL	Gas Oil Grado 3		ESTACION DE SERVICIO ALCOVER SRL					AV. EVA PERON 7460			SHELL C.A.P.S.A.		1.829,46	2.499,00	130,25		NO
CAPITAL FEDERAL	Gas Oil Grado 3		YAPAY NEASA S.R.L.					AV. CORRIENTES N° 3101			SHELL C.A.P.S.A.		1.816,33	2.499,00	43,01		NO
CAPITAL FEDERAL	Gas Oil Grado 3		SERVICES NAON SRL					OLAZABAL 3690			YPF		1.694,36	2.323,00	17,28		NO
CAPITAL FEDERAL	Gas Oil Grado 3		ESTACIÓN DE SERVICIO LASCANO 2000 SA					NAZCA 2502			SHELL C.A.P.S.A.		1.827,15	2.499,00	37,25		SI
CAPITAL FEDERAL	Gas Oil Grado 3		VERSALLES MULTISERVICE SRL					IRIGOYEN 1260			SHELL C.A.P.S.A.		1.832,48	2.499,00	68,27		NO
CAPITAL FEDERAL	Gas Oil Grado 3		SAN JUAN Y SOLIS ALVAREZ Y DI LEVA S.A.					AV. SAN JUAN 1701			YPF		1.680,66	2.318,00	92,04		NO
CAPITAL FEDERAL	Gas Oil Grado 3		ESTACION DE SERVICIO NORTEÑA SRL					Av Ricardo Balbin 4491			YPF		1.533,73	2.328,00	169,42		NO
CAPITAL FEDERAL	Gas Oil Grado 3		ESTACIÓN DE SERVICIO SAAVEDRA S.R.L.					CRISÓLOGO LARRALDE 4688			YPF		1.878,00	2.330,00	23,53		NO
CAPITAL FEDERAL	Gas Oil Grado 3		ANALIA SUSANA MARTINEZ					AV. LARRAZABAL 801			YPF		1.545,53	2.318,00	9,00		NO
CAPITAL FEDERAL	Gas Oil Grado 3		SAN JORGE S.A.					AV JUAN B. JUSTO Nº 9091			SHELL C.A.P.S.A.		1.822,91	2.499,00	33,57		NO
CAPITAL FEDERAL	Gas Oil Grado 3		ESTACION DE SERVICIOS AVALOS S.A.					AV.DE LOS INCAS 4801			YPF		1.718,22	2.328,00	49,05		SI
CAPITAL FEDERAL	Gas Oil Grado 3		ESTACION DE SERVICIOS SANTA TERESITA					AV. EVA PERON 3668			PUMA		1.785,66	2.446,00	14,04		NO
CAPITAL FEDERAL	Gas Oil Grado 3		BOYACA C.I.S.A.					AV.ELCANO 4000			YPF		1.688,92	2.328,00	56,35		NO
CAPITAL FEDERAL	Gas Oil Grado 3		ESTACION DE SERVICIO VAZQUEZ HNOS.SRL					Piedrabuena 4611			PUMA		1.801,36	2.446,00	46,21		NO
CAPITAL FEDERAL	Gas Oil Grado 3		ESTACION LIMA S.R.L.					Lima 835			SHELL C.A.P.S.A.		1.822,91	2.499,00	181,13		NO
CAPITAL FEDERAL	Gas Oil Grado 3		ESTACION S.A.					Asamblea 19			SHELL C.A.P.S.A.		1.409,56	2.521,00	38,00		NO
CAPITAL FEDERAL	Gas Oil Grado 3		ESTACION SERVICIO SHELL ACENAF					AV.DE LOS CONTITUYENTES 4435			SHELL C.A.P.S.A.		1.827,30	2.499,00	31,70		NO
CAPITAL FEDERAL	Gas Oil Grado 3		ROJO Y AMARILLO S.R.L.					A.THOMAS 2010			SHELL C.A.P.S.A.		1.803,27	2.509,00	47,40		NO
CAPITAL FEDERAL	Gas Oil Grado 3		BRAMO S.A.					AV. JUAN B. JUSTO 4407			SHELL C.A.P.S.A.		1.793,12	2.522,00	20,36		NO
CAPITAL FEDERAL	Gas Oil Grado 3		ESTADÍAS Y SERVICIOS SA					ALMAFUERTE 187			AXION		1.799,42	2.469,00	121,07		NO
CAPITAL FEDERAL	Gas Oil Grado 3		ROCCA COMBUSTIBLES S.A.					AV. ENTRE RIOS 1803			SHELL C.A.P.S.A.		1.829,46	2.499,00	123,71		NO
CAPITAL FEDERAL	Gas Oil Grado 3		UNICOMB S.R.L					Ramón L. Falcón 6398			AXION		1.380,00	2.479,00	20,30		NO
CAPITAL FEDERAL	Gas Oil Grado 3		FAST OIL S.A.					AV. SAN MARTIN 2401			SHELL C.A.P.S.A.		1.749,22	2.522,00	30,14		NO
CAPITAL FEDERAL	Gas Oil Grado 3		FGC FUELS MARKETING SA					Famatina 3387			SHELL C.A.P.S.A.		1.755,40	2.499,00	66,99		NO
CAPITAL FEDERAL	Gas Oil Grado 3		CALITRI FILOMENA LUCIA Y NIETO HORACIO ALFREDO					AVDA ESCALADA 2951			YPF		1.681,32	2.318,00	45,98		NO
CAPITAL FEDERAL	Gas Oil Grado 3		FUENTE DE PETRÓLEO S.A.					AV.ALVAREZ JONTE 2695			YPF		1.710,93	2.327,00	33,10		NO
CAPITAL FEDERAL	Gas Oil Grado 3		ROCCA COMBUSTIBLES S.A.					AV. ENTRE RIOS 1890			SHELL C.A.P.S.A.		1.829,46	2.499,00	51,75		NO
CAPITAL FEDERAL	Gas Oil Grado 3		GARAGE Y EST.DE SERV.EL PROGRESO S.A.					AV. OLIVERA 1136			YPF		1.680,00	2.318,00	66,00		NO
CAPITAL FEDERAL	Gas Oil Grado 3		GASOLEO S.A.					Av. Juan B. Alberdi 7500			YPF		1.674,64	2.318,00	85,18		NO
CAPITAL FEDERAL	Gas Oil Grado 3		GASPARQUE S.A.					AV. DR. RICARDO BALBIN 5041			YPF		1.716,19	2.335,00	87,01		NO
CAPITAL FEDERAL	Gas Oil Grado 3		ROCCA COMBUSTIBLES S.A.					Av. Juan B. Alberdi 7019			SHELL C.A.P.S.A.		1.829,46	2.499,00	70,14		NO
CAPITAL FEDERAL	Gas Oil Grado 3		GC CONGRESO S.R.L					ENTRE RIOS 1102			PUMA		1.786,25	2.446,00	9,64		NO
CAPITAL FEDERAL	Gas Oil Grado 3		CARACAS COMBUSTIBLE SRL					AV. GAONA 2886 Y CARACAS			SHELL C.A.P.S.A.		1.821,91	2.499,00	30,63		NO
CAPITAL FEDERAL	Gas Oil Grado 3		ROBERTO OTERO Y JAVIER LOPEZ SH					AV DIRECTORIO 802			YPF		1.679,00	2.318,00	65,59		NO
CAPITAL FEDERAL	Gas Oil Grado 3		YAPAY NEASA S.R.L.					AV. BALBIN 3560			SHELL C.A.P.S.A.		1.706,94	2.499,00	59,18		NO
CAPITAL FEDERAL	Gas Oil Grado 3		GHIOLDI HNOS.S.A.DE T.C.I.Y F.					AV.AMANCIO ALCORTA Y LOS PATOS			BLANCA		1.849,01	2.259,00	26,38		NO
CAPITAL FEDERAL	Gas Oil Grado 3		CASAMASSIMA LEANDRO OMAR Y CASAMASSIMA MARTIN ALEJANDRO S.H.					Avenida La Plata 1614			PUMA		1.424,43	2.472,00	12,70		NO
CAPITAL FEDERAL	Gas Oil Grado 3		ROBERTO OTERO Y JAVIER LOPEZ SH					Av Rivadavia 6045			YPF		1.679,00	2.318,00	33,63		NO
CAPITAL FEDERAL	Gas Oil Grado 3		GOMCOM S.A.					AV F.F.DE LA CRUZ 3205			SHELL C.A.P.S.A.		1.843,96	2.499,00	38,54		NO
CAPITAL FEDERAL	Gas Oil Grado 3		UNENS S.R.L.					ESPINOSA 605			YPF		1.584,11	2.320,00	37,92		NO
CAPITAL FEDERAL	Gas Oil Grado 3		ROAL SRL					MARIANO ACOSTA 1195			SHELL C.A.P.S.A.		1.830,14	2.499,00	88,88		NO
CAPITAL FEDERAL	Gas Oil Grado 3		HUACALERA SRL					Av. Juan de Garay 2780			YPF		1.679,15	2.317,00	38,30		NO
CAPITAL FEDERAL	Gas Oil Grado 3		IMPIERI, PIÑEIRO, RIZZO Y ASOC. S.A.					Mexico 2701			SHELL C.A.P.S.A.		1.794,59	2.499,00	51,47		NO
CAPITAL FEDERAL	Gas Oil Grado 3		RIVAGAS S.A.					AV. RIVADAVIA 8101			YPF		1.680,36	2.318,00	29,66		NO
CAPITAL FEDERAL	Gas Oil Grado 3		CASTAÑO AUTOVOR SRL					AUT DELLEPIANE 6017 MANO PROVINCIA			SHELL C.A.P.S.A.		1.399,56	2.499,00	23,00		NO
CAPITAL FEDERAL	Gas Oil Grado 3		INCAT S.R.L.					AV. INDEPENDENCIA 2701			YPF		1.680,87	2.310,00	93,33		NO
CAPITAL FEDERAL	Gas Oil Grado 3		INV-EST S.C.A.					AV. ASAMBLEA 1502			SHELL C.A.P.S.A.		1.416,17	2.499,00	39,00		NO
CAPITAL FEDERAL	Gas Oil Grado 3		JONTE 3386 SRL					JONTE 3386			YPF		1.908,68	2.320,00	52,57		NO
CAPITAL FEDERAL	Gas Oil Grado 3		ASAMUL S.R.L.					AV SAN MARTIN 3500			SHELL C.A.P.S.A.		1.822,81	2.499,00	25,68		NO
CAPITAL FEDERAL	Gas Oil Grado 3		RIO DE JANEIRO SA.					RIO DE JANEIRO 464			YPF		1.691,90	2.320,00	17,45		SI
CAPITAL FEDERAL	Gas Oil Grado 3		Juan B. Justo 1333 S. A.					AV. JUAN B. JUSTO 1333			SHELL C.A.P.S.A.		1.827,73	2.499,00	43,94		NO
CAPITAL FEDERAL	Gas Oil Grado 3		KINKA S.A.					AV.RAUL S. ORTIZ 1406			SHELL C.A.P.S.A.		1.826,82	2.499,00	33,55		NO
CAPITAL FEDERAL	Gas Oil Grado 3		CASTAÑO AUTOVOX SRL					AV Tte Gral DELLEPIANE 5950			SHELL C.A.P.S.A.		1.399,56	2.499,00	28,00		NO
CAPITAL FEDERAL	Gas Oil Grado 3		KLIVE S.A.					COLPAYO 406			YPF		1.685,03	2.320,00	17,49		NO
CAPITAL FEDERAL	Gas Oil Grado 3		UBR S.A.					Avda Juan B Justo 3508			YPF		1.685,51	2.326,00	46,40		NO
CAPITAL FEDERAL	Gas Oil Grado 3		RERIFE S.A.					AV. JUAN BAUTISTA ALBERDI 100			YPF		1.681,39	2.318,00	66,35		NO
CAPITAL FEDERAL	Gas Oil Grado 3		LAFUENTE COMBUSTIBLESS.R.L.					AVDA. RABANAL 2999			BLANCA		1.882,64	2.545,00	0,20		NO
CAPITAL FEDERAL	Gas Oil Grado 3		LA QUINTA ESTACION S.R.L.					AV.GRAL.MOSCONI 3289			YPF		1.718,09	2.328,00	98,71		SI
CAPITAL FEDERAL	Gas Oil Grado 3		LE BRETON S.R.L.					CONGRESO 4008			YPF		1.698,36	2.335,00	22,19		NO
CAPITAL FEDERAL	Gas Oil Grado 3		LEJEM S.A.					INTENDENTE RABANAL 1733			AXION		1.801,08	2.469,00	64,54		NO
CAPITAL FEDERAL	Gas Oil Grado 3		REFINERIA BAHIA BLANCA S.A.U.					VELEZ SARFIELD 522 0 ESQ. CORTEJARENA			PUMA		1.778,43	2.412,00	35,00		NO
CAPITAL FEDERAL	Gas Oil Grado 3		MADRO S.A.					AV. AMANCIO ALCORTA 2711			YPF		1.539,12	2.323,00	99,47		NO
CAPITAL FEDERAL	Gas Oil Grado 3		RED PETROL S.A.					AV.CNEL ROCA 6787			YPF		1.690,35	2.318,00	244,85		NO
CAPITAL FEDERAL	Gas Oil Grado 3		MAURER & GRUMELLI S.R.L.					MIRANDA 5317			YPF		1.688,23	2.320,00	59,75		NO
CAPITAL FEDERAL	Gas Oil Grado 3		TRIGAS S.A.					AV.CNEL.ROCA N° 6883			SHELL C.A.P.S.A.		1.740,38	2.449,00	107,31		NO
CAPITAL FEDERAL	Gas Oil Grado 3		MONTES DE OCA 1885 S.R.L.					MONTES DE OCA 1885			SHELL C.A.P.S.A.		1.845,19	2.522,00	138,73		NO
CAPITAL FEDERAL	Gas Oil Grado 3		COLON SRL					Av. de los Constituyentes 3516			SHELL C.A.P.S.A.		2.065,05	2.499,00	24,57		NO
CAPITAL FEDERAL	Gas Oil Grado 3		NAFPUR S.A.					Larrazabal 3645			YPF		1.693,54	2.318,00	102,04		NO
CAPITAL FEDERAL	Gas Oil Grado 3		NAFPUR XXI SA.					Zelarrayan 5530			YPF		1.696,59	2.318,00	141,82		NO
CAPITAL FEDERAL	Gas Oil Grado 3		PSF UNISERVICIOS S.R.L					Jose m.Moreno 1483			YPF		1.681,20	2.318,00	66,61		NO
CAPITAL FEDERAL	Gas Oil Grado 3		NOCEDA S.A.					Warnes 236			YPF		1.700,52	2.348,00	15,39		NO
CAPITAL FEDERAL	Gas Oil Grado 3		NUESTRO SOSIEGO SA					DONATO ALVAREZ 2290			YPF		1.688,08	2.320,00	48,33		NO
CAPITAL FEDERAL	Gas Oil Grado 3		CORRO NORTE S.A					CORRO 501			YPF		1.908,68	2.320,00	45,76		NO
CAPITAL FEDERAL	Gas Oil Grado 3		OCTOBER S.A.					AV. WARNES 2040			AXION		1.783,30	2.469,00	16,99		NO
CAPITAL FEDERAL	GNC		OCTOBER S.A.					AV. WARNES 2040			AXION		443,38	539,90	254,00		NO
CAPITAL FEDERAL	GNC		MONTES DE OCA 1885 S.R.L.					MONTES DE OCA 1885			SHELL C.A.P.S.A.		571,85	699,00	63.595,10		NO
CAPITAL FEDERAL	GNC		EESS NUEVA BORGHETTO S.A					AVENIDA DORREGO 443			YPF		461,98	570,00	125.297,00		NO
CAPITAL FEDERAL	GNC		INMOBILIARIA OBRAR S.R.L.					NEUQUEN 1085			BLANCA		498,29	610,00	68.622,10		NO
CAPITAL FEDERAL	GNC		DTP SA					AV. RIVADAVIA 10984			PUMA		477,24	587,00	168.852,00		NO
CAPITAL FEDERAL	GNC		PETRUGAS S.A.					BARTOLOME MITRE 3595-3599			BLANCA		512,40	620,00	56.734,00		NO
CAPITAL FEDERAL	GNC		DIAGAS S.A.					AV. DIAZ VELEZ 4086			BLANCA		445,91	649,00	130.300,00		NO
CAPITAL FEDERAL	GNC		RIVAGAS S.A.					AV. RIVADAVIA 8101			YPF		517,66	639,00	85.890,00		NO
CAPITAL FEDERAL	GNC		PAN AMERICAN ENERGY LLC, SUCURSAL ARGENTINA					Av. Juan de Garay 1302 (esq. Santiago del Estero)			AXION		652,07	789,00	79.978,40		NO
CAPITAL FEDERAL	GNC		ALBERDI 2299 SRL					AV. JUAN B. ALBERDI 2299			SHELL C.A.P.S.A.		448,09	599,90	128.537,00		NO
CAPITAL FEDERAL	GNC		NAF GAS S.A.					CARACAS 2319			BLANCA		470,99	529,90	128.000,00		NO
CAPITAL FEDERAL	GNC		NAFPUR S.A.					Larrazabal 3645			YPF		637,59	785,00	62.258,30		NO
CAPITAL FEDERAL	GNC		Juan B. Justo 1333 S. A.					AV. JUAN B. JUSTO 1333			SHELL C.A.P.S.A.		516,65	690,00	309.988,00		NO
CAPITAL FEDERAL	GNC		TOPEMA S.A.					CASEROS 1373/99			BLANCA		512,75	629,00	74.761,00		NO
CAPITAL FEDERAL	GNC		SERVICIOS TIGRE S.A:					JUAN B. JUSTO 4490			SHELL C.A.P.S.A.		481,80	620,00	87.117,50		NO
CAPITAL FEDERAL	GNC		SERVINORTE S.A.					PARAGUAY 1676 Y ARTURO CAPDEVILA			YPF		555,34	699,90	247.213,00		NO
CAPITAL FEDERAL	GNC		PAN AMERICAN ENERGY LLC, SUCURSAL ARGENTINA					Av. Jujuy 164/196 (esq. Alsina)			AXION		615,70	745,00	124.198,00		NO
CAPITAL FEDERAL	GNC		PROINCO SA					AV. LA PLATA 901			YPF		551,78	679,90	82.661,80		NO
CAPITAL FEDERAL	GNC		RICSAGAS S. A.					AV J. DE GARAY 3702			BLANCA		468,12	619,00	72.460,00		NO
CAPITAL FEDERAL	GNC		RED PETROL S.A.					AV.CNEL ROCA 6787			YPF		577,89	699,00	127.799,00		NO
CAPITAL FEDERAL	GNC		SOLMAY S.R.L					AV. JUAN BAUTISTA ALBERDI 4402			YPF		517,66	639,00	53.388,90		NO
CAPITAL FEDERAL	GNC		ALKUSAN S.R.L.					ALBERTI 1868			BLANCA		529,39	699,00	52.249,00		NO
CAPITAL FEDERAL	GNC		NAFPUR XXI SA					ZELARRAYAN 5530			YPF		637,59	785,00	124.930,00		NO
CAPITAL FEDERAL	GNC		KUANTOKI S.A.					ALBERTI 1108			BLANCA		537,40	679,00	63.520,00		NO
CAPITAL FEDERAL	GNC		LA BAHIA SA					AV CABILDO 4899			BLANCA		558,00	699,00	233.039,00		NO
CAPITAL FEDERAL	GNC		AUTOMOVIL CLUB ARGENTINO					AV.RIVADAVIA 7530			YPF		497,13	601,52	154.881,00		NO
CAPITAL FEDERAL	GNC		PAN AMERICAN ENERGY LLC, SUCURSAL ARGENTINA					Av. Gral. Paz 525 (esq. Cuevas)			AXION		648,76	785,00	154.716,00		NO
CAPITAL FEDERAL	GNC		INCAT S.R.L.					AV. INDEPENDENCIA 2701			YPF		577,69	699,00	88.313,40		NO
CAPITAL FEDERAL	GNC		NUEVOS EMPRENDIMIENTOS S.R.L.					AV. EVA PERON 4350			AXION		470,99	569,00	1.678.620,00		NO
CAPITAL FEDERAL	GNC		DEHEZA S.A.I.C.F.I.					AV. CORDOBA 3710			SHELL C.A.P.S.A.		520,58	640,00	84.816,20		NO
CAPITAL FEDERAL	GNC		LANTO SERVICIOS SRL					CORDOBA 2701 ESQ. ECUADOR			BLANCA		389,56	689,00	189.709,00		NO
CAPITAL FEDERAL	GNC		WHITE S.R.L.					AV. DIRECTORIO 4586			GULF		524,66	649,00	55.035,00		NO
CAPITAL FEDERAL	GNC		REGENCAR S.A.					ALMAFUERTE 407			BLANCA		495,79	599,90	117.325,00		NO
CAPITAL FEDERAL	GNC		PATRIGAS S.A.					COMBATE DE LOS POZOS 1243			BLANCA		475,68	629,00	98.268,00		NO
CAPITAL FEDERAL	GNC		SUPER SERVICIOS SA					AV AVELLANEDA 1628			YPF		481,89	610,00	120.538,00		NO
CAPITAL FEDERAL	GNC		PAN AMERICAN ENERGY LLC, SUCURSAL ARGENTINA					Autopista Gral. Paz 11200 (esq. Humaitá)			AXION		648,76	785,00	159.460,00		NO
CAPITAL FEDERAL	GNC		ROCCA COMBUSTIBLES S.A.					AV. ENTRE RIOS 1803			SHELL C.A.P.S.A.		555,32	679,00	94.101,00		NO
CAPITAL FEDERAL	GNC		OPESSA ACA AUTODROMO					AVENIDA CNEL. JOSE SEGUNDO ROCA 4550			YPF		543,09	695,00	80.856,00		NO
CAPITAL FEDERAL	GNC		REFINERIA BAHIA BLANCA S.A.U.					VELEZ SARFIELD 522 0 ESQ. CORTEJARENA			PUMA		520,11	649,00	109,27		NO
CAPITAL FEDERAL	GNC		FOREST GNC S.A.					AV. FOREST 639			BLANCA		456,88	559,90	209.310,00		NO
CAPITAL FEDERAL	GNC		LEJEM S.A.					INTENDENTE RABANAL 1733			AXION		532,95	650,00	95.130,00		NO
CAPITAL FEDERAL	GNC		DEHEZA S.A.I.C.F.I.					AV. CORRIENTES 6535			SHELL C.A.P.S.A.		0,49	599,00	116.535,00		NO
CAPITAL FEDERAL	GNC		GASING S.A.					SARMIENTO 3412			BLANCA		554,71	679,00	95.742,00		NO
CAPITAL FEDERAL	GNC		GASOLEO S.A.					Av. Juan B. Alberdi 7500			YPF		567,25	699,00	40.472,00		NO
CAPITAL FEDERAL	GNC		EVANGELISTA E HIJOS S.A.					AV. LACARRA 1729			PUMA		470,25	569,00	180.238,00		NO
CAPITAL FEDERAL	GNC		ROHMBE SA					EVA PERÓN 2330			BLANCA		470,99	569,90	131.959,00		NO
CAPITAL FEDERAL	GNC		NUVICO S.A.					Av. Juan B. Justo 4631			BLANCA		432,17	530,00	220.146,00		NO
CAPITAL FEDERAL	GNC		RUTA AL OESTE SRL					AV JUAN B JUSTO 8490			SHELL C.A.P.S.A.		366,90	649,90	119.603,00		NO
CAPITAL FEDERAL	GNC		GASPARQUE S.A.					AV. DR. RICARDO BALBIN 5041			YPF		553,94	680,00	116.739,00		NO
CAPITAL FEDERAL	GNC		OPESSA					AV DIAZ VELEZ 4373 Y YATAY			YPF		499,33	639,00	147.785,00		NO
CAPITAL FEDERAL	GNC		BRAGADO GAS SRL					BRAGADO 6001			BLANCA		489,19	599,00	157.625,00		NO
CAPITAL FEDERAL	GNC		SALFACO S.A.					LIMA 1097			BLANCA		528,51	669,00	104.368,00		NO
CAPITAL FEDERAL	GNC		CHICLANA 3827 SRL					CHICLANA 3827			BLANCA		453,72	549,00	131.480,00		NO
CAPITAL FEDERAL	GNC		GASYDIN S.A.					AV. INDEPENDENCIA 853			BLANCA		501,77	649,00	373.554,00		NO
CAPITAL FEDERAL	GNC		GAS Y GAS S.A					THAMES 448			BLANCA		520,58	629,90	152.186,00		NO
CAPITAL FEDERAL	GNC		GC CONGRESO S.R.L					ENTRE RIOS 1102			PUMA		553,57	659,00	98.350,60		NO
CAPITAL FEDERAL	GNC		LUCIA MAR S.A.					AV. REGIMIENTO DE PATRICIOS 1302			BLANCA		573,37	699,90	97.027,60		NO
CAPITAL FEDERAL	GNC		SAN BRA S.A.					AV. BRASIL 1402			BLANCA		248,85	609,00	104,14		NO
CAPITAL FEDERAL	GNC		PAN AMERICAN ENERGY LLC, SUCURSAL ARGENTINA					Av. Congreso 4801 (esq. Galvan)			AXION		611,57	740,00	58.875,00		NO
CAPITAL FEDERAL	GNC		ESTACION DE SERVICIOS SANTA TERESITA					AV. EVA PERON 3668			PUMA		464,40	569,00	141.876,00		NO
CAPITAL FEDERAL	GNC		NOCEDA S.A.					Warnes 236			YPF		516,71	650,00	77.341,00		NO
CAPITAL FEDERAL	GNC		PAN AMERICAN ENERGY LLC, SUCURSAL ARGENTINA					Triunvirato 5878 (esq. Av. Crisólogo Larralde)			AXION		611,57	740,00	50.841,60		NO
CAPITAL FEDERAL	GNC		CID GAS SA					AV. GAONA 1501			YPF		519,87	650,00	94.794,00		NO
CAPITAL FEDERAL	GNC		URDININEA S.A.					AV. ALVAREZ THOMAS 2392			BLANCA		495,00	600,00	135.898,00		NO
CAPITAL FEDERAL	GNC		GNC DEVOTO S.R.L.					Coronel Ramon Lista 5034			BLANCA		570,17	689,90	103.511,00		NO
CAPITAL FEDERAL	GNC		GNC LOS AMIGOS S.A.					AV.DE LOS CONSTITUYENTES 4480			BLANCA		572,65	700,00	130.391,00		NO
CAPITAL FEDERAL	GNC		GNC POMPEYA SA					AV. AMANCIO ALCORTA 3415			YPF		564,42	689,90	210.307,00		NO
CAPITAL FEDERAL	GNC		GOMCOM S.A.					AV F.F.DE LA CRUZ 3205			SHELL C.A.P.S.A.		525,62	670,00	54.307,00		NO
CAPITAL FEDERAL	GNC		ESTACION DE SERVICIO NORTEÑA SRL					Av Ricardo Balbin 4491			YPF		549,55	700,00	90.033,30		NO
CAPITAL FEDERAL	GNC		MARTINA SA					ALVAREZ THOMAS 1781			BLANCA		544,90	669,99	62.920,00		NO
CAPITAL FEDERAL	GNC		MASTER GAS S.A.					BOEDO 1616			BLANCA		535,00	649,00	92.628,00		NO
CAPITAL FEDERAL	GNC		PAN AMERICAN ENERGY LLC, SUCURSAL ARGENTINA					Emilio Castro 6512 (esq. Cafayate)			AXION		611,57	740,00	54.761,60		NO
CAPITAL FEDERAL	GNC		TRIGAS S.A.					AV.CNEL.ROCA N° 6883			SHELL C.A.P.S.A.		574,38	695,00	77.254,00		NO
CAPITAL FEDERAL	GNC		OPESSA					AV DIRECTORIO 4311/27 Y OLIVERA			YPF		507,15	649,00	63.128,00		NO
CAPITAL FEDERAL	GNC		GRUPO GAS SRL.					AV. INDEPENDENCIA 3933			BLANCA		547,04	719,00	58.241,00		NO
CAPITAL FEDERAL	GNC		PAN AMERICAN ENERGY LLC, SUCURSAL ARGENTINA					Av. Rivadavia 3199 (esq. Anchorena)			AXION		615,70	745,00	91.611,60		NO
CAPITAL FEDERAL	GNC		BIGO GAS S.A					BILLINGHURST 1209			BLANCA		635,53	769,00	196.528,00		NO
CAPITAL FEDERAL	GNC		AQUI GAS S.A.					ESTADO DE ISRAEL 4361			BLANCA		516,19	631,67	161.180,00		NO
CAPITAL FEDERAL	GNC		ESTACIÓN DE SERVICIO LASCANO 2000 SA					NAZCA 2502			SHELL C.A.P.S.A.		375,27	649,00	109.719,00		SI
CAPITAL FEDERAL	GNC		IMPIERI, PIÑEIRO, RIZZO Y ASOC. S.A.					Mexico 2701			SHELL C.A.P.S.A.		527,22	645,00	53.149,00		NO
CAPITAL FEDERAL	GNC		ESTACION DE SERVICIO ALCOVER SRL					AV. EVA PERON 7460			SHELL C.A.P.S.A.		571,83	699,00	138.185,00		NO
CAPITAL FEDERAL	GNC		SERVICIO ESCALADA S.A.					ESACALADA 678			YPF		537,19	650,00	54.487,00		NO
CAPITAL FEDERAL	GNC		MEXI-GAS S.A.					BERNARDO DE IRIGOYEN 592			BLANCA		244,48	619,00	221,27		NO
CAPITAL FEDERAL	Kerosene		CALITRI FILOMENA LUCIA Y NIETO HORACIO ALFREDO					AVDA ESCALADA 2951			YPF		1.551,74	2.200,00	6,23		NO
CAPITAL FEDERAL	Nafta (común) hasta 92 Ron		YAPAY NEASA S.R.L.					AV. CORRIENTES N° 3101			SHELL C.A.P.S.A.		1.475,68	2.129,00	144,30		NO
CAPITAL FEDERAL	Nafta (premium) de más de 95 Ron		YAPAY NEASA S.R.L.					AV. CORRIENTES N° 3101			SHELL C.A.P.S.A.		1.723,57	2.429,00	82,99		NO
CAPITAL FEDERAL	Nafta (premium) de más de 95 Ron		ALBERDI 2299 SRL					AV. JUAN B. ALBERDI 2299			SHELL C.A.P.S.A.		1.702,19	2.429,00	101,03		NO
CAPITAL FEDERAL	Nafta (premium) de más de 95 Ron		ALGAVI SA					EVA PERON 2101			SHELL C.A.P.S.A.		1.730,43	2.429,00	49,23		NO
CAPITAL FEDERAL	Nafta (premium) de más de 95 Ron		ALMIRO SRL					JUAN B. ALBERDI 1502			SHELL C.A.P.S.A.		1.324,23	2.429,00	195,55		NO
CAPITAL FEDERAL	Nafta (premium) de más de 95 Ron		ANALIA SUSANA MARTINEZ					AV. LARRAZABAL 801			YPF		1.443,09	2.239,00	16,00		NO
CAPITAL FEDERAL	Nafta (premium) de más de 95 Ron		ASAMUL S.R.L.					AV SAN MARTIN 3500			SHELL C.A.P.S.A.		1.726,16	2.429,00	56,73		NO
CAPITAL FEDERAL	Nafta (premium) de más de 95 Ron		AUTOMOVIL CLUB ARGENTINO					godoy cruz 3151			YPF		1.602,81	2.281,00	370,13		NO
CAPITAL FEDERAL	Nafta (premium) de más de 95 Ron		AUTOMOVIL CLUB ARGENTINO					AV.RIVADAVIA 7530			YPF		1.571,77	2.244,00	199,36		NO
CAPITAL FEDERAL	Nafta (premium) de más de 95 Ron		AUTOMOVIL CLUB ARGENTINO					FRANCISCO BEIRO 3561			YPF		1.576,87	2.227,00	201,71		NO
CAPITAL FEDERAL	Nafta (premium) de más de 95 Ron		AUTOMOVIL CLUB ARGENTINO					AV. CABILDO 1499			YPF		1.602,85	2.281,00	253,83		NO
CAPITAL FEDERAL	Nafta (premium) de más de 95 Ron		AUTOMOVIL CLUB ARGENTINO					AV.MONTES DE OCA Y M.GARCIA			YPF		1.571,64	2.244,00	138,74		NO
CAPITAL FEDERAL	Nafta (premium) de más de 95 Ron		AUTOMOVIL CLUB ARGENTINO					AV.DEL LIBERTADOR 1850			YPF		1.602,85	2.281,00	410,53		NO
CAPITAL FEDERAL	Nafta (premium) de más de 95 Ron		AVELLANEDA 2411 S.R.L.					AV. AVELLANEDA 2411			SHELL C.A.P.S.A.		1.726,28	2.429,00	101,97		NO
CAPITAL FEDERAL	Nafta (premium) de más de 95 Ron		BOYACA C.I.S.A.					AV.ELCANO 4000			YPF		1.582,48	2.255,00	64,21		NO
CAPITAL FEDERAL	Nafta (premium) de más de 95 Ron		BRAMO S.A.					AV. JUAN B. JUSTO 4407			SHELL C.A.P.S.A.		1.732,23	2.452,00	56,10		NO
CAPITAL FEDERAL	Nafta (premium) de más de 95 Ron		CALITRI FILOMENA LUCIA Y NIETO HORACIO ALFREDO					AVDA ESCALADA 2951			YPF		1.572,10	2.239,00	57,95		NO
CAPITAL FEDERAL	Nafta (premium) de más de 95 Ron		CARACAS COMBUSTIBLE SRL					AV. GAONA 2886 Y CARACAS			SHELL C.A.P.S.A.		1.723,55	2.429,00	127,26		NO
CAPITAL FEDERAL	Nafta (premium) de más de 95 Ron		CASAMASSIMA LEANDRO OMAR Y CASAMASSIMA MARTIN ALEJANDRO S.H.					Avenida La Plata 1614			PUMA		1.328,32	2.392,00	10,60		NO
CAPITAL FEDERAL	Nafta (premium) de más de 95 Ron		CASTAÑO AUTOVOR SRL					AUT DELLEPIANE 6017 MANO PROVINCIA			SHELL C.A.P.S.A.		1.371,56	2.449,00	25,00		NO
CAPITAL FEDERAL	Nafta (premium) de más de 95 Ron		CASTAÑO AUTOVOX SRL					AV Tte Gral DELLEPIANE 5950			SHELL C.A.P.S.A.		1.371,56	2.449,00	61,00		NO
CAPITAL FEDERAL	Nafta (premium) de más de 95 Ron		COLON SRL					Av. de los Constituyentes 3516			SHELL C.A.P.S.A.		2.007,15	2.429,00	54,68		NO
CAPITAL FEDERAL	Nafta (premium) de más de 95 Ron		CORRO NORTE S.A					CORRO 501			YPF		1.847,76	2.252,00	84,74		NO
CAPITAL FEDERAL	Nafta (premium) de más de 95 Ron		CRISTINA ISABELLI DE MARTINEZ E HIJOS S.H					juramento 3411			DAPSA S.A.		1.658,08	2.327,00	7,00		NO
CAPITAL FEDERAL	Nafta (premium) de más de 95 Ron		DARSISA S.A.					AV. JUAN B. JUSTO Nº 7099			YPF		620,97	2.252,00	119,71		NO
CAPITAL FEDERAL	Nafta (premium) de más de 95 Ron		DEHEZA S.A.C.I.F.I					24 DE NOVIEMBRE E INDEPENDENCIA			SHELL C.A.P.S.A.		1.726,28	2.429,00	191,84		NO
CAPITAL FEDERAL	Nafta (premium) de más de 95 Ron		DEHEZA S.A.I.C.F.E.I					AU DELLEPIANE 4180			SHELL C.A.P.S.A.		1.742,81	2.449,00	116,10		NO
CAPITAL FEDERAL	Nafta (premium) de más de 95 Ron		DEHEZA S.A.I.C.F.E.I					AU. DELLEPIANE 4187 (MANO PROVINCIA)			SHELL C.A.P.S.A.		1.742,81	2.449,00	145,39		NO
CAPITAL FEDERAL	Nafta (premium) de más de 95 Ron		DEHEZA S.A.I.C.F.I					AV. FIGUEROA ALCORTA 3099			SHELL C.A.P.S.A.		1.742,81	2.449,00	348,84		NO
CAPITAL FEDERAL	Nafta (premium) de más de 95 Ron		DEHEZA S.A.I.C.F.I.					AV. CORRIENTES 6535			SHELL C.A.P.S.A.		1.726,28	2.429,00	142,54		NO
CAPITAL FEDERAL	Nafta (premium) de más de 95 Ron		DEHEZA S.A.I.C.F.I.					Av.Diaz Velez 4368			SHELL C.A.P.S.A.		1.674,52	2.359,00	203,80		NO
CAPITAL FEDERAL	Nafta (premium) de más de 95 Ron		DEHEZA S.A.I.C.F.I.					AUT. ILLIA ENTRE 7 Y PEAJE			SHELL C.A.P.S.A.		1.742,81	2.449,00	358,50		NO
CAPITAL FEDERAL	Nafta (premium) de más de 95 Ron		DEHEZA S.A.I.C.F.I.					AV. FIGUEROA ALCORTA 7786			SHELL C.A.P.S.A.		1.711,82	2.399,00	114,47		NO
CAPITAL FEDERAL	Nafta (premium) de más de 95 Ron		DEHEZA S.A.I.C.F.I.					AV. CRAMER 1691			SHELL C.A.P.S.A.		1.742,81	2.449,00	188,81		NO
CAPITAL FEDERAL	Nafta (premium) de más de 95 Ron		DEHEZA S.A.I.C.F.I.					AV. CABILDO 4701			SHELL C.A.P.S.A.		1.742,81	2.449,00	221,84		NO
CAPITAL FEDERAL	Nafta (premium) de más de 95 Ron		DEHEZA S.A.I.C.F.I.					AV. CORDOBA 3710			SHELL C.A.P.S.A.		1.726,28	2.429,00	241,15		NO
CAPITAL FEDERAL	Nafta (premium) de más de 95 Ron		DEHEZA S.A.I.C.F.I.					AV. LIBERTADOR 7920			SHELL C.A.P.S.A.		1.742,81	2.449,00	219,84		NO
CAPITAL FEDERAL	Nafta (premium) de más de 95 Ron		DEHEZA S.A.I.C.F.I.					LINCOLN 3999			SHELL C.A.P.S.A.		1.726,28	2.429,00	174,85		NO
CAPITAL FEDERAL	Nafta (premium) de más de 95 Ron		DEHEZA S.A.I.C.F.I.					AV. PASEO COLON 849			SHELL C.A.P.S.A.		1.726,28	2.429,00	310,73		NO
CAPITAL FEDERAL	Nafta (premium) de más de 95 Ron		DEHEZA S.A.I.C.I.F.I.					MAZA 391/97			SHELL C.A.P.S.A.		1.726,28	2.429,00	144,31		NO
CAPITAL FEDERAL	Nafta (premium) de más de 95 Ron		DEHEZA S.A.I.C.I.F.I.					LIBERTADOR 550			SHELL C.A.P.S.A.		1.742,81	2.449,00	451,74		NO
CAPITAL FEDERAL	Nafta (premium) de más de 95 Ron		DEHEZA S.A.I.C.I.F.I.					AV. GRAL. PAZ 5500- MANO CAPITAL.			SHELL C.A.P.S.A.		1.747,77	2.455,00	401,72		NO
CAPITAL FEDERAL	Nafta (premium) de más de 95 Ron		DEHEZA S.A.I.C.I.F.I.					AV. GRAL. PAZ 5400- MANO PROVINCIA.			SHELL C.A.P.S.A.		1.747,77	2.455,00	334,63		NO
CAPITAL FEDERAL	Nafta (premium) de más de 95 Ron		DESTINATUM S.A.					Av Eva Peron 6102			YPF		1.597,08	2.239,00	21,02		NO
CAPITAL FEDERAL	Nafta (premium) de más de 95 Ron		DEVOTO STATION SA					Av. Chiclana 3702			SHELL C.A.P.S.A.		1.779,25	2.496,00	137,63		NO
CAPITAL FEDERAL	Nafta (premium) de más de 95 Ron		DTP SA					AV. RIVADAVIA 10984			PUMA		1.630,39	2.373,00	18,01		NO
CAPITAL FEDERAL	Nafta (premium) de más de 95 Ron		EMICAS SRL					AV. EMILIO CASTRO 7541			AXION		1.634,00	2.378,00	50,78		NO
CAPITAL FEDERAL	Nafta (premium) de más de 95 Ron		ESTACION DE SERVICIO ALCOVER SRL					AV. EVA PERON 7460			SHELL C.A.P.S.A.		1.742,81	2.449,00	125,47		NO
CAPITAL FEDERAL	Nafta (premium) de más de 95 Ron		ESTACIÓN DE SERVICIO LASCANO 2000 SA					NAZCA 2502			SHELL C.A.P.S.A.		1.723,69	2.429,00	123,72		SI
CAPITAL FEDERAL	Nafta (premium) de más de 95 Ron		ESTACION DE SERVICIO NORTEÑA SRL					Av Ricardo Balbin 4491			YPF		1.423,25	2.258,00	225,61		NO
CAPITAL FEDERAL	Nafta (premium) de más de 95 Ron		ESTACIÓN DE SERVICIO SAAVEDRA S.R.L.					CRISÓLOGO LARRALDE 4688			YPF		1.797,00	2.260,00	65,00		NO
CAPITAL FEDERAL	Nafta (premium) de más de 95 Ron		ESTACION DE SERVICIOS AVALOS S.A.					AV.DE LOS INCAS 4801			YPF		1.560,95	2.255,00	124,49		NO
CAPITAL FEDERAL	Nafta (premium) de más de 95 Ron		ESTACION DE SERVICIOS SANTA TERESITA					AV. EVA PERON 3668			PUMA		1.707,28	2.406,00	15,12		NO
CAPITAL FEDERAL	Nafta (premium) de más de 95 Ron		ESTACION DE SERVICIO VAZQUEZ HNOS.SRL					Piedrabuena 4611			PUMA		1.723,07	2.406,00	17,98		NO
CAPITAL FEDERAL	Nafta (premium) de más de 95 Ron		ESTACION LIMA S.R.L.					Lima 835			SHELL C.A.P.S.A.		1.726,28	2.429,00	406,35		NO
CAPITAL FEDERAL	Nafta (premium) de más de 95 Ron		ESTACION S.A.					Asamblea 19			SHELL C.A.P.S.A.		1.324,23	2.452,00	95,00		NO
CAPITAL FEDERAL	Nafta (premium) de más de 95 Ron		ESTACION SERVICIO SHELL ACENAF					AV.DE LOS CONTITUYENTES 4435			SHELL C.A.P.S.A.		1.723,70	2.429,00	94,20		NO
CAPITAL FEDERAL	Nafta (premium) de más de 95 Ron		ESTADÍAS Y SERVICIOS SA					ALMAFUERTE 187			AXION		1.726,28	2.429,00	44,53		NO
CAPITAL FEDERAL	Nafta (premium) de más de 95 Ron		EVANGELISTA E HIJOS S.A.					AV. LACARRA 1729			PUMA		1.917,95	2.329,00	5.000,00		NO
CAPITAL FEDERAL	Nafta (premium) de más de 95 Ron		FAST OIL S.A.					AV. SAN MARTIN 2401			SHELL C.A.P.S.A.		1.675,88	2.452,00	78,18		NO
CAPITAL FEDERAL	Nafta (premium) de más de 95 Ron		FGC FUELS MARKETING SA					Famatina 3387			SHELL C.A.P.S.A.		1.660,36	2.429,00	65,06		NO
CAPITAL FEDERAL	Nafta (premium) de más de 95 Ron		FUENTE DE PETRÓLEO S.A.					AV.ALVAREZ JONTE 2695			YPF		1.594,46	2.259,00	69,09		NO
CAPITAL FEDERAL	Nafta (premium) de más de 95 Ron		GARAGE Y EST.DE SERV.EL PROGRESO S.A.					AV. OLIVERA 1136			YPF		1.569,00	2.239,00	25,00		NO
CAPITAL FEDERAL	Nafta (premium) de más de 95 Ron		GASOLEO S.A.					Av. Juan B. Alberdi 7500			YPF		1.567,99	2.239,00	77,72		NO
CAPITAL FEDERAL	Nafta (premium) de más de 95 Ron		GASPARQUE S.A.					AV. DR. RICARDO BALBIN 5041			YPF		1.594,60	2.260,00	120,97		NO
CAPITAL FEDERAL	Nafta (premium) de más de 95 Ron		GC CONGRESO S.R.L					ENTRE RIOS 1102			PUMA		1.680,88	2.373,00	23,89		NO
CAPITAL FEDERAL	Nafta (premium) de más de 95 Ron		GHIOLDI HNOS.S.A.DE T.C.I.Y F.					AV.AMANCIO ALCORTA Y LOS PATOS			BLANCA		1.751,05	2.459,00	5,30		NO
CAPITAL FEDERAL	Nafta (premium) de más de 95 Ron		GOMCOM S.A.					AV F.F.DE LA CRUZ 3205			SHELL C.A.P.S.A.		1.741,73	2.429,00	50,51		NO
CAPITAL FEDERAL	Nafta (premium) de más de 95 Ron		GOPA S.A.					NOGOYA 3641			YPF		1.580,00	2.252,00	50,94		NO
CAPITAL FEDERAL	Nafta (premium) de más de 95 Ron		HUACALERA SRL					Av. Juan de Garay 2780			YPF		1.564,74	2.335,00	71,43		NO
CAPITAL FEDERAL	Nafta (premium) de más de 95 Ron		IMPIERI, PIÑEIRO, RIZZO Y ASOC. S.A.					Mexico 2701			SHELL C.A.P.S.A.		1.732,72	2.429,00	113,27		NO
CAPITAL FEDERAL	Nafta (premium) de más de 95 Ron		INCAT S.R.L.					AV. INDEPENDENCIA 2701			YPF		1.571,95	2.239,00	211,61		NO
CAPITAL FEDERAL	Nafta (premium) de más de 95 Ron		INV-EST S.C.A.					AV. ASAMBLEA 1502			SHELL C.A.P.S.A.		1.314,25	2.429,00	98,00		NO
CAPITAL FEDERAL	Nafta (premium) de más de 95 Ron		JONTE 3386 SRL					JONTE 3386			YPF		1.847,76	2.252,00	126,72		NO
CAPITAL FEDERAL	Nafta (premium) de más de 95 Ron		Juan B. Justo 1333 S. A.					AV. JUAN B. JUSTO 1333			SHELL C.A.P.S.A.		1.739,10	2.449,00	128,27		NO
CAPITAL FEDERAL	Nafta (premium) de más de 95 Ron		KINKA S.A.					AV.RAUL S. ORTIZ 1406			SHELL C.A.P.S.A.		1.723,83	2.429,00	126,94		NO
CAPITAL FEDERAL	Nafta (premium) de más de 95 Ron		KLIVE S.A.					COLPAYO 406			YPF		1.580,37	2.252,00	66,68		NO
CAPITAL FEDERAL	Nafta (premium) de más de 95 Ron		LAFUENTE COMBUSTIBLESS.R.L.					AVDA. RABANAL 2999			BLANCA		1.730,51	2.415,00	0,02		NO
CAPITAL FEDERAL	Nafta (premium) de más de 95 Ron		LA QUINTA ESTACION S.R.L.					AV.GRAL.MOSCONI 3289			YPF		1.577,88	2.255,00	203,61		NO
CAPITAL FEDERAL	Nafta (premium) de más de 95 Ron		LE BRETON S.R.L.					CONGRESO 4008			YPF		1.580,50	2.260,00	97,78		NO
CAPITAL FEDERAL	Nafta (premium) de más de 95 Ron		LEJEM S.A.					INTENDENTE RABANAL 1733			AXION		1.695,71	2.389,00	41,63		NO
CAPITAL FEDERAL	Nafta (premium) de más de 95 Ron		MADRO S.A.					AV. AMANCIO ALCORTA 2711			YPF		1.478,45	2.244,00	28,09		NO
CAPITAL FEDERAL	Nafta (premium) de más de 95 Ron		MAURER & GRUMELLI S.R.L.					MIRANDA 5317			YPF		1.580,45	2.252,00	182,91		NO
CAPITAL FEDERAL	Nafta (premium) de más de 95 Ron		MONTES DE OCA 1885 S.R.L.					MONTES DE OCA 1885			SHELL C.A.P.S.A.		1.740,33	2.452,00	155,55		NO
CAPITAL FEDERAL	Nafta (premium) de más de 95 Ron		NAFPUR S.A.					Larrazabal 3645			YPF		1.599,15	2.239,00	136,41		NO
CAPITAL FEDERAL	Nafta (premium) de más de 95 Ron		NAFPUR XXI SA.					Zelarrayan 5530			YPF		1.599,24	2.239,00	290,91		NO
CAPITAL FEDERAL	Nafta (premium) de más de 95 Ron		NOCEDA S.A.					Warnes 236			YPF		1.594,27	2.291,00	52,58		NO
CAPITAL FEDERAL	Nafta (premium) de más de 95 Ron		NUESTRO SOSIEGO SA					DONATO ALVAREZ 2290			YPF		1.580,02	2.252,00	67,99		NO
CAPITAL FEDERAL	Nafta (premium) de más de 95 Ron		OCTOBER S.A.					AV. WARNES 2040			AXION		1.309,71	2.389,00	36,72		NO
CAPITAL FEDERAL	Nafta (premium) de más de 95 Ron		OPESSA					AV CORDOBA 5984 Y DORREGO			YPF		1.676,43	2.284,00	150,14		NO
CAPITAL FEDERAL	Nafta (premium) de más de 95 Ron		OPESSA					VELEZ SARFIELD 850			YPF		1.637,87	2.239,00	140,89		NO
CAPITAL FEDERAL	Nafta (premium) de más de 95 Ron		OPESSA					AV. CABILDO 4108			YPF		1.676,43	2.284,00	177,88		NO
CAPITAL FEDERAL	Nafta (premium) de más de 95 Ron		OPESSA					J B JUSTO 1215 Y NICARAGUA			YPF		1.676,43	2.284,00	193,88		NO
CAPITAL FEDERAL	Nafta (premium) de más de 95 Ron		OPESSA					AV CORDOBA 4201 Y PRINGLES			YPF		1.676,43	2.284,00	155,05		NO
CAPITAL FEDERAL	Nafta (premium) de más de 95 Ron		OPESSA					AV DE LOS CONSTITUYENTES 6070			YPF		1.651,58	2.255,00	170,47		NO
CAPITAL FEDERAL	Nafta (premium) de más de 95 Ron		OPESSA					AV CABILDO 3501			YPF		1.676,43	2.284,00	190,10		NO
CAPITAL FEDERAL	Nafta (premium) de más de 95 Ron		OPESSA					AV DIRECTORIO 4311/27 Y OLIVERA			YPF		1.637,87	2.239,00	118,10		NO
CAPITAL FEDERAL	Nafta (premium) de más de 95 Ron		OPESSA					AV DIAZ VELEZ 4373 Y YATAY			YPF		1.649,01	2.252,00	173,63		NO
CAPITAL FEDERAL	Nafta (premium) de más de 95 Ron		OPESSA					FIGUEROA ALCORTA 6608 Y ECHEVERRIA			YPF		1.676,43	2.284,00	424,04		NO
CAPITAL FEDERAL	Nafta (premium) de más de 95 Ron		OPESSA					AV.FRANCISCO BEIRÓ 5804			YPF		1.651,58	2.255,00	105,88		NO
CAPITAL FEDERAL	Nafta (premium) de más de 95 Ron		OPESSA ACA AUTODROMO					AVENIDA CNEL. JOSE SEGUNDO ROCA 4550			YPF		1.637,87	2.239,00	136,09		NO
CAPITAL FEDERAL	Nafta (premium) de más de 95 Ron		OPESSA ACA CABALLITO					AV GAONA 1204 Y MARTIN DE GAINZA			YPF		1.649,01	2.252,00	265,16		NO
CAPITAL FEDERAL	Nafta (premium) de más de 95 Ron		OPESSA ACA ONCE					AV RIVADAVIA 3341			YPF		1.649,01	2.252,00	214,73		NO
CAPITAL FEDERAL	Nafta (premium) de más de 95 Ron		PANAMERICANA SRL					AV. SAN MARTIN 5316			YPF		1.576,72	2.255,00	93,77		NO
CAPITAL FEDERAL	Nafta (premium) de más de 95 Ron		PAN AMERICAN ENERGY LLC, SUCURSAL ARGENTINA					Av. Jujuy 164/196 (esq. Alsina)			AXION		1.693,23	2.389,00	48,98		NO
CAPITAL FEDERAL	Nafta (premium) de más de 95 Ron		PAN AMERICAN ENERGY LLC, SUCURSAL ARGENTINA					Av. Juan de Garay 1302 (esq. Santiago del Estero)			AXION		1.693,23	2.389,00	61,82		NO
CAPITAL FEDERAL	Nafta (premium) de más de 95 Ron		PAN AMERICAN ENERGY LLC, SUCURSAL ARGENTINA					Av. Cruz 1501 (esq. Centenera)			AXION		1.726,28	2.429,00	47,23		NO
CAPITAL FEDERAL	Nafta (premium) de más de 95 Ron		PAN AMERICAN ENERGY LLC, SUCURSAL ARGENTINA					Av. Rivadavia 8201/31 (esq. Joaquin V. Gonzalez)			AXION		1.693,23	2.389,00	58,52		NO
CAPITAL FEDERAL	Nafta (premium) de más de 95 Ron		PAN AMERICAN ENERGY LLC, SUCURSAL ARGENTINA					Av. Gral. Paz 525 (esq. Cuevas)			AXION		1.701,49	2.399,00	176,27		NO
CAPITAL FEDERAL	Nafta (premium) de más de 95 Ron		PAN AMERICAN ENERGY LLC, SUCURSAL ARGENTINA					Av. La Plata 575 (esq. Alberdi)			AXION		1.693,23	2.389,00	98,14		NO
CAPITAL FEDERAL	Nafta (premium) de más de 95 Ron		PAN AMERICAN ENERGY LLC, SUCURSAL ARGENTINA					Av. Rivadavia 3199 (esq. Anchorena)			AXION		1.693,23	2.389,00	39,72		NO
CAPITAL FEDERAL	Nafta (premium) de más de 95 Ron		PAN AMERICAN ENERGY LLC, SUCURSAL ARGENTINA					Av. Monroe 3078 (esq. Balbin)			AXION		1.701,49	2.399,00	156,10		NO
CAPITAL FEDERAL	Nafta (premium) de más de 95 Ron		PAN AMERICAN ENERGY LLC, SUCURSAL ARGENTINA					Triunvirato 5878 (esq. Av. Crisólogo Larralde)			AXION		1.701,49	2.399,00	110,87		NO
CAPITAL FEDERAL	Nafta (premium) de más de 95 Ron		PAN AMERICAN ENERGY LLC, SUCURSAL ARGENTINA					Av. Congreso 4801 (esq. Galvan)			AXION		1.701,49	2.399,00	112,62		NO
CAPITAL FEDERAL	Nafta (premium) de más de 95 Ron		PAN AMERICAN ENERGY LLC, SUCURSAL ARGENTINA					AV. F. Beiró 5501 esq. Moliere			AXION		1.701,49	2.399,00	139,42		NO
CAPITAL FEDERAL	Nafta (premium) de más de 95 Ron		PAN AMERICAN ENERGY LLC, SUCURSAL ARGENTINA					Av.Cordoba 5657 (esq. Bonpland)			AXION		1.693,23	2.389,00	140,56		NO
CAPITAL FEDERAL	Nafta (premium) de más de 95 Ron		PAN AMERICAN ENERGY LLC, SUCURSAL ARGENTINA					Av Los Incas 3550			AXION		1.693,23	2.389,00	97,81		NO
CAPITAL FEDERAL	Nafta (premium) de más de 95 Ron		PAN AMERICAN ENERGY LLC, SUCURSAL ARGENTINA					Autopista Gral. Paz 11200 (esq. Humaitá)			AXION		1.701,49	2.399,00	191,27		NO
CAPITAL FEDERAL	Nafta (premium) de más de 95 Ron		PAN AMERICAN ENERGY LLC, SUCURSAL ARGENTINA					Av. Libertador 2587 (esq. J. Salguero)			AXION		1.701,49	2.399,00	264,40		NO
CAPITAL FEDERAL	Nafta (premium) de más de 95 Ron		PAN AMERICAN ENERGY LLC, SUCURSAL ARGENTINA					Gaona 2399 (esq Trelles)			AXION		1.693,23	2.389,00	96,01		NO
CAPITAL FEDERAL	Nafta (premium) de más de 95 Ron		PAN AMERICAN ENERGY LLC, SUCURSAL ARGENTINA					Av. Cabildo 685/89/90/95 (esq. Olleros)			AXION		1.701,49	2.399,00	121,69		NO
CAPITAL FEDERAL	Nafta (premium) de más de 95 Ron		PAN AMERICAN ENERGY LLC, SUCURSAL ARGENTINA					Av. Mosconi 2500 (esq. J.G. de Artigas)			AXION		1.701,49	2.399,00	136,00		NO
CAPITAL FEDERAL	Nafta (premium) de más de 95 Ron		PAN AMERICAN ENERGY LLC, SUCURSAL ARGENTINA					Emilio Castro 6512 (esq. Cafayate)			AXION		1.684,96	2.379,00	137,14		NO
CAPITAL FEDERAL	Nafta (premium) de más de 95 Ron		PAN AMERICAN ENERGY LLC, SUCURSAL ARGENTINA					San Martín 1521 (esq. Luis Viale)			AXION		1.726,28	2.429,00	87,29		NO
CAPITAL FEDERAL	Nafta (premium) de más de 95 Ron		PAN AMERICAN ENERGY LLC, SUCURSAL ARGENTINA					J. B. Justo 8005 (esq. Lope De Vega)			AXION		1.693,23	2.389,00	123,58		NO
CAPITAL FEDERAL	Nafta (premium) de más de 95 Ron		PAN AMERICAN ENERGY LLC, SUCURSAL ARGENTINA					Las Heras 2499 (esq. Galileo)			AXION		1.701,49	2.399,00	122,52		NO
CAPITAL FEDERAL	Nafta (premium) de más de 95 Ron		PASGAL S.A.					ATUEL 1093			SHELL C.A.P.S.A.		1.715,18	2.429,00	29,44		NO
CAPITAL FEDERAL	Nafta (premium) de más de 95 Ron		PERFORMANCE FUELS SRL					AV BEIRO 4610			SHELL C.A.P.S.A.		1.700,95	2.429,00	181,77		NO
CAPITAL FEDERAL	Nafta (premium) de más de 95 Ron		PETROLFE S.A.					Av.San Juan 2901			YPF		1.573,30	2.244,39	119,68		NO
CAPITAL FEDERAL	Nafta (premium) de más de 95 Ron		PROINCO SA					AV. LA PLATA 901			YPF		1.524,94	2.239,00	100,43		NO
CAPITAL FEDERAL	Nafta (premium) de más de 95 Ron		PROODOS SA					AV. JUAN B. JUSTO 5315			YPF		1.580,77	2.252,00	128,30		NO
CAPITAL FEDERAL	Nafta (premium) de más de 95 Ron		PROYECTOS SUSTENTABLES S.A.					LISANDRO DE LA TORRE 2179			YPF		1.531,52	2.239,00	78,38		NO
CAPITAL FEDERAL	Nafta (premium) de más de 95 Ron		PSF UNISERVICIOS S.R.L					Jose m.Moreno 1483			YPF		1.571,88	2.239,00	105,64		NO
CAPITAL FEDERAL	Nafta (premium) de más de 95 Ron		RED PETROL S.A.					AV.CNEL ROCA 6787			YPF		1.591,43	2.239,00	139,30		NO
CAPITAL FEDERAL	Nafta (premium) de más de 95 Ron		REFINERIA BAHIA BLANCA S.A.U.					VELEZ SARFIELD 522 0 ESQ. CORTEJARENA			PUMA		1.669,98	2.352,00	20,38		NO
CAPITAL FEDERAL	Nafta (premium) de más de 95 Ron		RERIFE S.A.					AV. JUAN BAUTISTA ALBERDI 100			YPF		1.572,21	2.239,00	272,81		NO
CAPITAL FEDERAL	Nafta (premium) de más de 95 Ron		RIO DE JANEIRO SA.					RIO DE JANEIRO 464			YPF		1.593,47	2.259,00	52,80		SI
CAPITAL FEDERAL	Nafta (premium) de más de 95 Ron		RIVAGAS S.A.					AV. RIVADAVIA 8101			YPF		1.562,73	2.239,00	43,52		NO
CAPITAL FEDERAL	Nafta (premium) de más de 95 Ron		ROAL SRL					MARIANO ACOSTA 1195			SHELL C.A.P.S.A.		1.715,96	2.429,00	68,59		NO
CAPITAL FEDERAL	Nafta (premium) de más de 95 Ron		ROBERTO OTERO Y JAVIER LOPEZ SH					Av Rivadavia 6045			YPF		1.571,90	2.239,00	69,20		NO
CAPITAL FEDERAL	Nafta (premium) de más de 95 Ron		ROBERTO OTERO Y JAVIER LOPEZ SH					AV DIRECTORIO 802			YPF		1.571,90	2.239,00	176,51		NO
CAPITAL FEDERAL	Nafta (premium) de más de 95 Ron		ROCCA COMBUSTIBLES S.A.					Av. Juan B. Alberdi 7019			SHELL C.A.P.S.A.		1.742,81	2.449,00	98,09		NO
CAPITAL FEDERAL	Nafta (premium) de más de 95 Ron		ROCCA COMBUSTIBLES S.A.					AV. ENTRE RIOS 1890			SHELL C.A.P.S.A.		1.726,28	2.429,00	61,10		NO
CAPITAL FEDERAL	Nafta (premium) de más de 95 Ron		ROCCA COMBUSTIBLES S.A.					AV. ENTRE RIOS 1803			SHELL C.A.P.S.A.		1.726,28	2.429,00	61,41		NO
CAPITAL FEDERAL	Nafta (premium) de más de 95 Ron		ROJO Y AMARILLO S.R.L.					A.THOMAS 2010			SHELL C.A.P.S.A.		1.707,61	2.439,00	173,72		NO
CAPITAL FEDERAL	Nafta (premium) de más de 95 Ron		SAN JORGE S.A.					AV JUAN B. JUSTO Nº 9091			SHELL C.A.P.S.A.		1.742,81	2.449,00	60,98		NO
CAPITAL FEDERAL	Nafta (premium) de más de 95 Ron		SAN JUAN Y SOLIS ALVAREZ Y DI LEVA S.A.					AV. SAN JUAN 1701			YPF		1.569,26	2.239,00	171,43		NO
CAPITAL FEDERAL	Nafta (premium) de más de 95 Ron		SERVICES NAON SRL					OLAZABAL 3690			YPF		1.580,07	2.246,00	86,14		NO
CAPITAL FEDERAL	Nafta (premium) de más de 95 Ron		SERVICIO ESCALADA S.A.					ESACALADA 678			YPF		1.572,84	2.245,00	110,39		NO
CAPITAL FEDERAL	Nafta (premium) de más de 95 Ron		SERVICIOS TIGRE S.A:					JUAN B. JUSTO 4490			SHELL C.A.P.S.A.		1.723,92	2.429,00	47,88		NO
CAPITAL FEDERAL	Nafta (premium) de más de 95 Ron		SERVINORTE S.A.					PARAGUAY 1676 Y ARTURO CAPDEVILA			YPF		1.647,05	2.284,00	260,44		NO
CAPITAL FEDERAL	Nafta (premium) de más de 95 Ron		SOLMAY S.R.L					AV. JUAN BAUTISTA ALBERDI 4402			YPF		1.572,17	2.252,00	51,49		NO
CAPITAL FEDERAL	Nafta (premium) de más de 95 Ron		SUCESORES DE LOPEZ ALDAO Y CIA. S.R. L.					AV. SAN MARTI­N 7001			YPF		1.582,48	2.255,00	113,73		NO
CAPITAL FEDERAL	Nafta (premium) de más de 95 Ron		SUPER SERVICIOS SA					AV AVELLANEDA 1628			YPF		1.466,11	2.252,00	113,62		NO
CAPITAL FEDERAL	Nafta (premium) de más de 95 Ron		SUPER SERVICIOS S.A.					EUSTAQUIO CAMBIESES 1780			YPF		1.454,96	2.239,00	33,79		NO
CAPITAL FEDERAL	Nafta (premium) de más de 95 Ron		SUPER SERVICIOS S.A.					AV. LIBERTADOR 5002			YPF		1.484,36	2.284,00	241,57		NO
CAPITAL FEDERAL	Nafta (premium) de más de 95 Ron		TECNOLOGIA D´ATRI SRL					BRASIL 2984			AXION		1.726,73	2.429,00	48,03		NO
CAPITAL FEDERAL	Nafta (premium) de más de 95 Ron		TERGEN SRL					Directorio 2578			YPF		1.572,29	2.239,00	151,55		NO
CAPITAL FEDERAL	Nafta (premium) de más de 95 Ron		TRIGAS S.A.					AV.CNEL.ROCA N° 6883			SHELL C.A.P.S.A.		1.826,98	2.499,00	83,93		NO
CAPITAL FEDERAL	Nafta (premium) de más de 95 Ron		UBR S.A.					Avda Juan B Justo 3508			YPF		1.556,26	2.255,00	80,20		NO
CAPITAL FEDERAL	Nafta (premium) de más de 95 Ron		UNENS S.R.L.					ESPINOSA 605			YPF		1.530,53	2.252,00	99,84		NO
CAPITAL FEDERAL	Nafta (premium) de más de 95 Ron		UNICOMB S.R.L					Ramón L. Falcón 6398			AXION		1.287,00	2.399,00	74,64		NO
CAPITAL FEDERAL	Nafta (premium) de más de 95 Ron		VERSALLES MULTISERVICE SRL					IRIGOYEN 1260			SHELL C.A.P.S.A.		1.741,63	2.449,00	119,57		NO
CAPITAL FEDERAL	Nafta (premium) de más de 95 Ron		VICINI COMBUSTIBLES S.A.					AVENIDA DIRECTORIO 5698			SHELL C.A.P.S.A.		1.739,43	2.449,00	52,32		NO
CAPITAL FEDERAL	Nafta (premium) de más de 95 Ron		WHITE S.R.L.					AV. DIRECTORIO 4586			GULF		1.596,53	2.272,00	18,18		NO
CAPITAL FEDERAL	Nafta (premium) de más de 95 Ron		YAPAY NEASA S.R.L.					AV. BALBIN 3560			SHELL C.A.P.S.A.		1.739,50	2.449,00	188,25		NO
CAPITAL FEDERAL	Nafta (súper) entre 92 y 95 Ron		WHITE S.R.L.					AV. DIRECTORIO 4586			GULF		1.408,10	2.044,00	48,23		NO
CAPITAL FEDERAL	Nafta (súper) entre 92 y 95 Ron		PROINCO SA					AV. LA PLATA 901			YPF		1.359,63	2.035,00	208,38		NO
CAPITAL FEDERAL	Nafta (súper) entre 92 y 95 Ron		OPESSA					AV. CABILDO 4108			YPF		1.472,47	2.051,00	404,12		NO
CAPITAL FEDERAL	Nafta (súper) entre 92 y 95 Ron		OPESSA					VELEZ SARFIELD 850			YPF		1.456,23	2.032,00	352,11		NO
CAPITAL FEDERAL	Nafta (súper) entre 92 y 95 Ron		COLON SRL					Av. de los Constituyentes 3516			SHELL C.A.P.S.A.		1.759,22	2.129,00	90,47		NO
CAPITAL FEDERAL	Nafta (súper) entre 92 y 95 Ron		PROODOS SA					AV. JUAN B. JUSTO 5315			YPF		1.406,56	2.045,00	363,23		NO
CAPITAL FEDERAL	Nafta (súper) entre 92 y 95 Ron		PROYECTOS SUSTENTABLES S.A.					LISANDRO DE LA TORRE 2179			YPF		1.350,83	2.032,00	218,64		NO
CAPITAL FEDERAL	Nafta (súper) entre 92 y 95 Ron		TRIGAS S.A.					AV.CNEL.ROCA N° 6883			SHELL C.A.P.S.A.		1.484,10	2.139,00	210,76		NO
CAPITAL FEDERAL	Nafta (súper) entre 92 y 95 Ron		OPESSA					AV CORDOBA 5984 Y DORREGO			YPF		1.472,47	2.051,00	319,25		NO
CAPITAL FEDERAL	Nafta (súper) entre 92 y 95 Ron		NUESTRO SOSIEGO SA					DONATO ALVAREZ 2290			YPF		1.406,40	2.045,00	195,95		NO
CAPITAL FEDERAL	Nafta (súper) entre 92 y 95 Ron		NOCEDA S.A.					Warnes 236			YPF		1.418,50	2.045,00	143,63		NO
CAPITAL FEDERAL	Nafta (súper) entre 92 y 95 Ron		CHICLANA 3827 SRL					CHICLANA 3827			BLANCA		1.721,31	2.099,00	10,75		NO
CAPITAL FEDERAL	Nafta (súper) entre 92 y 95 Ron		NAFPUR XXI SA.					Zelarrayan 5530			YPF		1.416,43	2.032,00	330,91		NO
CAPITAL FEDERAL	Nafta (súper) entre 92 y 95 Ron		PSF UNISERVICIOS S.R.L					Jose m.Moreno 1483			YPF		1.400,69	2.032,00	262,73		NO
CAPITAL FEDERAL	Nafta (súper) entre 92 y 95 Ron		NAFPUR S.A.					Larrazabal 3645			YPF		1.416,23	2.032,00	301,16		NO
CAPITAL FEDERAL	Nafta (súper) entre 92 y 95 Ron		MONTES DE OCA 1885 S.R.L.					MONTES DE OCA 1885			SHELL C.A.P.S.A.		1.489,92	2.149,00	300,28		NO
CAPITAL FEDERAL	Nafta (súper) entre 92 y 95 Ron		MAURER & GRUMELLI S.R.L.					MIRANDA 5317			YPF		1.406,31	2.045,00	433,10		NO
CAPITAL FEDERAL	Nafta (súper) entre 92 y 95 Ron		CASTAÑO AUTOVOX SRL					AV Tte Gral DELLEPIANE 5950			SHELL C.A.P.S.A.		1.197,94	2.139,00	78,00		NO
CAPITAL FEDERAL	Nafta (súper) entre 92 y 95 Ron		RED PETROL S.A.					AV.CNEL ROCA 6787			YPF		1.408,64	2.032,00	391,27		NO
CAPITAL FEDERAL	Nafta (súper) entre 92 y 95 Ron		MADRO S.A.					AV. AMANCIO ALCORTA 2711			YPF		1.327,16	2.047,00	111,40		NO
CAPITAL FEDERAL	Nafta (súper) entre 92 y 95 Ron		LEJEM S.A.					INTENDENTE RABANAL 1733			AXION		1.444,88	2.099,00	145,40		NO
CAPITAL FEDERAL	Nafta (súper) entre 92 y 95 Ron		LE BRETON S.R.L.					CONGRESO 4008			YPF		1.409,82	2.050,00	200,00		NO
CAPITAL FEDERAL	Nafta (súper) entre 92 y 95 Ron		REFINERIA BAHIA BLANCA S.A.U.					VELEZ SARFIELD 522 0 ESQ. CORTEJARENA			PUMA		1.437,74	2.067,00	156,55		NO
CAPITAL FEDERAL	Nafta (súper) entre 92 y 95 Ron		CASTAÑO AUTOVOR SRL					AUT DELLEPIANE 6017 MANO PROVINCIA			SHELL C.A.P.S.A.		1.197,94	2.139,00	36,00		NO
CAPITAL FEDERAL	Nafta (súper) entre 92 y 95 Ron		LA QUINTA ESTACION S.R.L.					AV.GRAL.MOSCONI 3289			YPF		1.420,71	2.052,00	384,69		NO
CAPITAL FEDERAL	Nafta (súper) entre 92 y 95 Ron		LAFUENTE COMBUSTIBLESS.R.L.					AVDA. RABANAL 2999			BLANCA		1.466,05	2.095,00	1,43		NO
CAPITAL FEDERAL	Nafta (súper) entre 92 y 95 Ron		UBR S.A.					Avda Juan B Justo 3508			YPF		1.401,75	2.045,00	234,19		NO
CAPITAL FEDERAL	Nafta (súper) entre 92 y 95 Ron		KLIVE S.A.					COLPAYO 406			YPF		1.405,96	2.045,00	146,64		NO
CAPITAL FEDERAL	Nafta (súper) entre 92 y 95 Ron		RERIFE S.A.					AV. JUAN BAUTISTA ALBERDI 100			YPF		1.400,96	2.032,00	421,29		NO
CAPITAL FEDERAL	Nafta (súper) entre 92 y 95 Ron		KINKA S.A.					AV.RAUL S. ORTIZ 1406			SHELL C.A.P.S.A.		1.475,92	2.129,00	197,13		NO
CAPITAL FEDERAL	Nafta (súper) entre 92 y 95 Ron		Juan B. Justo 1333 S. A.					AV. JUAN B. JUSTO 1333			SHELL C.A.P.S.A.		1.482,66	2.139,00	133,98		NO
CAPITAL FEDERAL	Nafta (súper) entre 92 y 95 Ron		JONTE 3386 SRL					JONTE 3386			YPF		1.676,68	2.045,00	292,70		NO
CAPITAL FEDERAL	Nafta (súper) entre 92 y 95 Ron		ALBERDI 2299 SRL					AV. JUAN B. ALBERDI 2299			SHELL C.A.P.S.A.		1.428,33	2.129,00	139,77		NO
CAPITAL FEDERAL	Nafta (súper) entre 92 y 95 Ron		RIO DE JANEIRO SA.					RIO DE JANEIRO 464			YPF		1.410,27	2.045,00	142,64		SI
CAPITAL FEDERAL	Nafta (súper) entre 92 y 95 Ron		INV-EST S.C.A.					AV. ASAMBLEA 1502			SHELL C.A.P.S.A.		1.158,33	2.129,00	174,00		NO
CAPITAL FEDERAL	Nafta (súper) entre 92 y 95 Ron		RIVAGAS S.A.					AV. RIVADAVIA 8101			YPF		1.396,34	2.032,00	108,24		NO
CAPITAL FEDERAL	Nafta (súper) entre 92 y 95 Ron		CASAMASSIMA LEANDRO OMAR Y CASAMASSIMA MARTIN ALEJANDRO S.H.					Avenida La Plata 1614			PUMA		1.157,70	2.097,00	55,40		NO
CAPITAL FEDERAL	Nafta (súper) entre 92 y 95 Ron		INCAT S.R.L.					AV. INDEPENDENCIA 2701			YPF		1.400,74	2.032,00	573,31		NO
CAPITAL FEDERAL	Nafta (súper) entre 92 y 95 Ron		IMPIERI, PIÑEIRO, RIZZO Y ASOC. S.A.					Mexico 2701			SHELL C.A.P.S.A.		1.484,78	2.129,00	180,81		NO
CAPITAL FEDERAL	Nafta (súper) entre 92 y 95 Ron		HUACALERA SRL					Av. Juan de Garay 2780			YPF		1.397,94	2.035,00	257,90		NO
CAPITAL FEDERAL	Nafta (súper) entre 92 y 95 Ron		CARACAS COMBUSTIBLE SRL					AV. GAONA 2886 Y CARACAS			SHELL C.A.P.S.A.		1.475,68	2.129,00	148,67		NO
CAPITAL FEDERAL	Nafta (súper) entre 92 y 95 Ron		GOPA S.A.					NOGOYA 3641			YPF		1.408,93	2.045,00	123,96		NO
CAPITAL FEDERAL	Nafta (súper) entre 92 y 95 Ron		ROAL SRL					MARIANO ACOSTA 1195			SHELL C.A.P.S.A.		1.456,23	2.129,00	121,72		NO
CAPITAL FEDERAL	Nafta (súper) entre 92 y 95 Ron		ASAMUL S.R.L.					AV SAN MARTIN 3500			SHELL C.A.P.S.A.		1.478,28	2.129,00	97,15		NO
CAPITAL FEDERAL	Nafta (súper) entre 92 y 95 Ron		GOMCOM S.A.					AV F.F.DE LA CRUZ 3205			SHELL C.A.P.S.A.		1.494,94	2.129,00	136,97		NO
CAPITAL FEDERAL	Nafta (súper) entre 92 y 95 Ron		ROBERTO OTERO Y JAVIER LOPEZ SH					Av Rivadavia 6045			YPF		1.400,25	2.032,00	154,04		NO
CAPITAL FEDERAL	Nafta (súper) entre 92 y 95 Ron		GHIOLDI HNOS.S.A.DE T.C.I.Y F.					AV.AMANCIO ALCORTA Y LOS PATOS			BLANCA		1.501,48	2.169,00	13,79		NO
CAPITAL FEDERAL	Nafta (súper) entre 92 y 95 Ron		UNENS S.R.L.					ESPINOSA 605			YPF		1.356,56	2.045,00	181,55		NO
CAPITAL FEDERAL	Nafta (súper) entre 92 y 95 Ron		ROBERTO OTERO Y JAVIER LOPEZ SH					AV DIRECTORIO 802			YPF		1.400,25	2.032,00	337,43		NO
CAPITAL FEDERAL	Nafta (súper) entre 92 y 95 Ron		GC CONGRESO S.R.L					ENTRE RIOS 1102			PUMA		1.404,89	2.039,00	277,46		NO
CAPITAL FEDERAL	Nafta (súper) entre 92 y 95 Ron		CALITRI FILOMENA LUCIA Y NIETO HORACIO ALFREDO					AVDA ESCALADA 2951			YPF		1.400,91	2.032,00	176,43		NO
CAPITAL FEDERAL	Nafta (súper) entre 92 y 95 Ron		GASPARQUE S.A.					AV. DR. RICARDO BALBIN 5041			YPF		1.424,29	2.050,00	355,28		NO
CAPITAL FEDERAL	Nafta (súper) entre 92 y 95 Ron		ROCCA COMBUSTIBLES S.A.					Av. Juan B. Alberdi 7019			SHELL C.A.P.S.A.		1.486,61	2.139,00	117,48		NO
CAPITAL FEDERAL	Nafta (súper) entre 92 y 95 Ron		GASOLEO S.A.					Av. Juan B. Alberdi 7500			YPF		1.395,49	2.032,00	228,75		NO
CAPITAL FEDERAL	Nafta (súper) entre 92 y 95 Ron		BRAMO S.A.					AV. JUAN B. JUSTO 4407			SHELL C.A.P.S.A.		1.481,43	2.149,00	83,55		NO
CAPITAL FEDERAL	Nafta (súper) entre 92 y 95 Ron		GARAGE Y EST.DE SERV.EL PROGRESO S.A.					AV. OLIVERA 1136			YPF		1.398,00	2.032,00	74,00		NO
CAPITAL FEDERAL	Nafta (súper) entre 92 y 95 Ron		ROCCA COMBUSTIBLES S.A.					AV. ENTRE RIOS 1890			SHELL C.A.P.S.A.		1.478,35	2.129,00	106,43		NO
CAPITAL FEDERAL	Nafta (súper) entre 92 y 95 Ron		FUENTE DE PETRÓLEO S.A.					AV.ALVAREZ JONTE 2695			YPF		1.420,65	2.342,00	204,77		NO
CAPITAL FEDERAL	Nafta (súper) entre 92 y 95 Ron		FGC FUELS MARKETING SA					Famatina 3387			SHELL C.A.P.S.A.		1.420,34	2.129,00	129,47		NO
CAPITAL FEDERAL	Nafta (súper) entre 92 y 95 Ron		YAPAY NEASA S.R.L.					AV. BALBIN 3560			SHELL C.A.P.S.A.		1.483,06	2.139,00	237,99		NO
CAPITAL FEDERAL	Nafta (súper) entre 92 y 95 Ron		FAST OIL S.A.					AV. SAN MARTIN 2401			SHELL C.A.P.S.A.		1.411,25	2.149,00	99,44		NO
CAPITAL FEDERAL	Nafta (súper) entre 92 y 95 Ron		ROCCA COMBUSTIBLES S.A.					AV. ENTRE RIOS 1803			SHELL C.A.P.S.A.		1.478,35	2.129,00	117,81		NO
CAPITAL FEDERAL	Nafta (súper) entre 92 y 95 Ron		ESTADÍAS Y SERVICIOS SA					ALMAFUERTE 187			AXION		1.444,31	2.099,00	140,70		NO
CAPITAL FEDERAL	Nafta (súper) entre 92 y 95 Ron		ROJO Y AMARILLO S.R.L.					A.THOMAS 2010			SHELL C.A.P.S.A.		1.459,70	2.139,00	210,15		NO
CAPITAL FEDERAL	Nafta (súper) entre 92 y 95 Ron		UNICOMB S.R.L					Ramón L. Falcón 6398			AXION		1.130,00	2.099,00	114,61		NO
CAPITAL FEDERAL	Nafta (súper) entre 92 y 95 Ron		ESTACION SERVICIO SHELL ACENAF					AV.DE LOS CONTITUYENTES 4435			SHELL C.A.P.S.A.		1.475,60	2.129,00	130,80		NO
CAPITAL FEDERAL	Nafta (súper) entre 92 y 95 Ron		ESTACION S.A.					Asamblea 19			SHELL C.A.P.S.A.		1.168,31	2.149,00	110,00		NO
CAPITAL FEDERAL	Nafta (súper) entre 92 y 95 Ron		ESTACION LIMA S.R.L.					Lima 835			SHELL C.A.P.S.A.		1.478,35	2.129,00	676,53		NO
CAPITAL FEDERAL	Nafta (súper) entre 92 y 95 Ron		ESTACION DE SERVICIO VAZQUEZ HNOS.SRL					Piedrabuena 4611			PUMA		1.466,88	2.096,00	89,10		NO
CAPITAL FEDERAL	Nafta (súper) entre 92 y 95 Ron		ESTACION DE SERVICIOS SANTA TERESITA					AV. EVA PERON 3668			PUMA		1.410,58	2.047,00	111,24		NO
CAPITAL FEDERAL	Nafta (súper) entre 92 y 95 Ron		ESTACION DE SERVICIOS AVALOS S.A.					AV.DE LOS INCAS 4801			YPF		1.420,27	2.052,00	294,18		NO
CAPITAL FEDERAL	Nafta (súper) entre 92 y 95 Ron		ESTACIÓN DE SERVICIO SAAVEDRA S.R.L.					CRISÓLOGO LARRALDE 4688			YPF		1.625,00	2.052,00	191,37		NO
CAPITAL FEDERAL	Nafta (súper) entre 92 y 95 Ron		BOYACA C.I.S.A.					AV.ELCANO 4000			YPF		1.414,71	2.052,00	139,59		NO
CAPITAL FEDERAL	Nafta (súper) entre 92 y 95 Ron		SAN JORGE S.A.					AV JUAN B. JUSTO Nº 9091			SHELL C.A.P.S.A.		1.486,61	2.139,00	115,16		NO
CAPITAL FEDERAL	Nafta (súper) entre 92 y 95 Ron		SAN JUAN Y SOLIS ALVAREZ Y DI LEVA S.A.					AV. SAN JUAN 1701			YPF		1.398,18	2.032,00	444,64		NO
CAPITAL FEDERAL	Nafta (súper) entre 92 y 95 Ron		AVELLANEDA 2411 S.R.L.					AV. AVELLANEDA 2411			SHELL C.A.P.S.A.		1.478,35	2.129,00	142,51		NO
CAPITAL FEDERAL	Nafta (súper) entre 92 y 95 Ron		ESTACION DE SERVICIO NORTEÑA SRL					Av Ricardo Balbin 4491			YPF		1.259,24	2.048,00	499,40		NO
CAPITAL FEDERAL	Nafta (súper) entre 92 y 95 Ron		ESTACIÓN DE SERVICIO LASCANO 2000 SA					NAZCA 2502			SHELL C.A.P.S.A.		1.479,69	2.129,00	160,96		SI
CAPITAL FEDERAL	Nafta (súper) entre 92 y 95 Ron		SERVICES NAON SRL					OLAZABAL 3690			YPF		1.411,30	2.048,00	178,56		NO
CAPITAL FEDERAL	Nafta (súper) entre 92 y 95 Ron		AUTOMOVIL CLUB ARGENTINO					AV.DEL LIBERTADOR 1850			YPF		1.413,06	2.039,00	583,43		NO
CAPITAL FEDERAL	Nafta (súper) entre 92 y 95 Ron		ESTACION DE SERVICIO ALCOVER SRL					AV. EVA PERON 7460			SHELL C.A.P.S.A.		1.486,61	2.139,00	255,03		NO
CAPITAL FEDERAL	Nafta (súper) entre 92 y 95 Ron		SERVICIO ESCALADA S.A.					ESACALADA 678			YPF		1.401,75	2.032,00	223,97		NO
CAPITAL FEDERAL	Nafta (súper) entre 92 y 95 Ron		ANALIA SUSANA MARTINEZ					AV. LARRAZABAL 801			YPF		1.285,77	2.032,00	51,00		NO
CAPITAL FEDERAL	Nafta (súper) entre 92 y 95 Ron		EMICAS SRL					AV. EMILIO CASTRO 7541			AXION		1.398,00	2.097,00	134,60		NO
CAPITAL FEDERAL	Nafta (súper) entre 92 y 95 Ron		DTP SA					AV. RIVADAVIA 10984			PUMA		1.344,44	2.027,00	204,05		NO
CAPITAL FEDERAL	Nafta (súper) entre 92 y 95 Ron		DEVOTO STATION SA					Av. Chiclana 3702			SHELL C.A.P.S.A.		1.522,23	2.185,00	186,64		NO
CAPITAL FEDERAL	Nafta (súper) entre 92 y 95 Ron		DESTINATUM S.A.					Av Eva Peron 6102			YPF		1.400,73	2.032,00	80,75		NO
CAPITAL FEDERAL	Nafta (súper) entre 92 y 95 Ron		DEHEZA S.A.I.C.I.F.I.					AV. GRAL. PAZ 5400- MANO PROVINCIA.			SHELL C.A.P.S.A.		1.503,14	2.159,00	453,90		NO
CAPITAL FEDERAL	Nafta (súper) entre 92 y 95 Ron		DEHEZA S.A.I.C.I.F.I.					AV. GRAL. PAZ 5500- MANO CAPITAL.			SHELL C.A.P.S.A.		1.503,14	2.159,00	493,91		NO
CAPITAL FEDERAL	Nafta (súper) entre 92 y 95 Ron		SERVICIOS TIGRE S.A:					JUAN B. JUSTO 4490			SHELL C.A.P.S.A.		1.476,26	2.129,00	92,95		NO
CAPITAL FEDERAL	Nafta (súper) entre 92 y 95 Ron		VERSALLES MULTISERVICE SRL					IRIGOYEN 1260			SHELL C.A.P.S.A.		1.485,40	2.139,00	182,65		NO
CAPITAL FEDERAL	Nafta (súper) entre 92 y 95 Ron		DEHEZA S.A.I.C.I.F.I.					LIBERTADOR 550			SHELL C.A.P.S.A.		1.486,61	2.139,00	521,71		NO
CAPITAL FEDERAL	Nafta (súper) entre 92 y 95 Ron		AUTOMOVIL CLUB ARGENTINO					AV.MONTES DE OCA Y M.GARCIA			YPF		1.400,74	2.047,00	335,73		NO
CAPITAL FEDERAL	Nafta (súper) entre 92 y 95 Ron		SERVINORTE S.A.					PARAGUAY 1676 Y ARTURO CAPDEVILA			YPF		1.468,01	2.051,00	498,32		NO
CAPITAL FEDERAL	Nafta (súper) entre 92 y 95 Ron		DEHEZA S.A.I.C.I.F.I.					MAZA 391/97			SHELL C.A.P.S.A.		1.478,35	2.129,00	198,75		NO
CAPITAL FEDERAL	Nafta (súper) entre 92 y 95 Ron		SOLMAY S.R.L					AV. JUAN BAUTISTA ALBERDI 4402			YPF		1.400,80	2.048,00	146,33		NO
CAPITAL FEDERAL	Nafta (súper) entre 92 y 95 Ron		AUTOMOVIL CLUB ARGENTINO					AV. CABILDO 1499			YPF		1.413,07	2.039,00	357,45		NO
CAPITAL FEDERAL	Nafta (súper) entre 92 y 95 Ron		DEHEZA S.A.I.C.F.I.					AV. PASEO COLON 849			SHELL C.A.P.S.A.		1.478,35	2.129,00	465,44		NO
CAPITAL FEDERAL	Nafta (súper) entre 92 y 95 Ron		DEHEZA S.A.I.C.F.I.					LINCOLN 3999			SHELL C.A.P.S.A.		1.478,35	2.129,00	188,75		NO
CAPITAL FEDERAL	Nafta (súper) entre 92 y 95 Ron		DEHEZA S.A.I.C.F.I.					AV. LIBERTADOR 7920			SHELL C.A.P.S.A.		1.486,61	2.139,00	237,25		NO
CAPITAL FEDERAL	Nafta (súper) entre 92 y 95 Ron		DEHEZA S.A.I.C.F.I.					AV. CORDOBA 3710			SHELL C.A.P.S.A.		1.478,35	2.129,00	353,40		NO
CAPITAL FEDERAL	Nafta (súper) entre 92 y 95 Ron		DEHEZA S.A.I.C.F.I.					AV. CABILDO 4701			SHELL C.A.P.S.A.		1.486,61	2.139,00	290,24		NO
CAPITAL FEDERAL	Nafta (súper) entre 92 y 95 Ron		ALMIRO SRL					JUAN B. ALBERDI 1502			SHELL C.A.P.S.A.		1.168,31	2.129,00	187,55		NO
CAPITAL FEDERAL	Nafta (súper) entre 92 y 95 Ron		SUCESORES DE LOPEZ ALDAO Y CIA. S.R. L.					AV. SAN MARTI­N 7001			YPF		1.414,71	2.052,00	320,68		NO
CAPITAL FEDERAL	Nafta (súper) entre 92 y 95 Ron		DEHEZA S.A.I.C.F.I.					AV. CRAMER 1691			SHELL C.A.P.S.A.		1.486,61	2.139,00	199,46		NO
CAPITAL FEDERAL	Nafta (súper) entre 92 y 95 Ron		DEHEZA S.A.I.C.F.I.					AV. FIGUEROA ALCORTA 7786			SHELL C.A.P.S.A.		1.462,01	2.099,00	145,89		NO
CAPITAL FEDERAL	Nafta (súper) entre 92 y 95 Ron		DEHEZA S.A.I.C.F.I.					AUT. ILLIA ENTRE 7 Y PEAJE			SHELL C.A.P.S.A.		1.486,61	2.139,00	436,79		NO
CAPITAL FEDERAL	Nafta (súper) entre 92 y 95 Ron		SUPER SERVICIOS SA					AV AVELLANEDA 1628			YPF		1.296,44	2.045,00	245,42		NO
CAPITAL FEDERAL	Nafta (súper) entre 92 y 95 Ron		VICINI COMBUSTIBLES S.A.					AVENIDA DIRECTORIO 5698			SHELL C.A.P.S.A.		1.483,31	2.139,00	77,86		NO
CAPITAL FEDERAL	Nafta (súper) entre 92 y 95 Ron		DEHEZA S.A.I.C.F.I.					Av.Diaz Velez 4368			SHELL C.A.P.S.A.		1.427,93	2.059,00	320,49		NO
CAPITAL FEDERAL	Nafta (súper) entre 92 y 95 Ron		DEHEZA S.A.I.C.F.I.					AV. CORRIENTES 6535			SHELL C.A.P.S.A.		1.478,35	2.129,00	235,61		NO
CAPITAL FEDERAL	Nafta (súper) entre 92 y 95 Ron		SUPER SERVICIOS S.A.					EUSTAQUIO CAMBIESES 1780			YPF		1.291,29	2.032,00	118,21		NO
CAPITAL FEDERAL	Nafta (súper) entre 92 y 95 Ron		AUTOMOVIL CLUB ARGENTINO					FRANCISCO BEIRO 3561			YPF		1.409,81	2.043,00	298,37		NO
CAPITAL FEDERAL	Nafta (súper) entre 92 y 95 Ron		DEHEZA S.A.I.C.F.I					AV. FIGUEROA ALCORTA 3099			SHELL C.A.P.S.A.		1.486,61	2.139,00	319,98		NO
CAPITAL FEDERAL	Nafta (súper) entre 92 y 95 Ron		SUPER SERVICIOS S.A.					AV. LIBERTADOR 5002			YPF		1.302,99	2.051,00	439,27		NO
CAPITAL FEDERAL	Nafta (súper) entre 92 y 95 Ron		AUTOMOVIL CLUB ARGENTINO					AV.RIVADAVIA 7530			YPF		1.400,58	2.047,00	339,93		NO
CAPITAL FEDERAL	Nafta (súper) entre 92 y 95 Ron		PAN AMERICAN ENERGY LLC, SUCURSAL ARGENTINA					Av. Libertador 2587 (esq. J. Salguero)			AXION		1.443,63	2.099,00	362,99		NO
CAPITAL FEDERAL	Nafta (súper) entre 92 y 95 Ron		PAN AMERICAN ENERGY LLC, SUCURSAL ARGENTINA					Autopista Gral. Paz 11200 (esq. Humaitá)			AXION		1.443,63	2.099,00	469,73		NO
CAPITAL FEDERAL	Nafta (súper) entre 92 y 95 Ron		PAN AMERICAN ENERGY LLC, SUCURSAL ARGENTINA					Av Los Incas 3550			AXION		1.443,63	2.099,00	159,89		NO
CAPITAL FEDERAL	Nafta (súper) entre 92 y 95 Ron		AUTOMOVIL CLUB ARGENTINO					godoy cruz 3151			YPF		1.413,02	2.039,00	516,69		NO
CAPITAL FEDERAL	Nafta (súper) entre 92 y 95 Ron		PAN AMERICAN ENERGY LLC, SUCURSAL ARGENTINA					Gaona 2399 (esq Trelles)			AXION		1.432,70	2.089,00	197,45		NO
CAPITAL FEDERAL	Nafta (súper) entre 92 y 95 Ron		PAN AMERICAN ENERGY LLC, SUCURSAL ARGENTINA					Av.Cordoba 5657 (esq. Bonpland)			AXION		1.443,63	2.099,00	260,06		NO
CAPITAL FEDERAL	Nafta (súper) entre 92 y 95 Ron		PAN AMERICAN ENERGY LLC, SUCURSAL ARGENTINA					AV. F. Beiró 5501 esq. Moliere			AXION		1.443,63	2.099,00	260,81		NO
CAPITAL FEDERAL	Nafta (súper) entre 92 y 95 Ron		TECNOLOGIA D´ATRI SRL					BRASIL 2984			AXION		1.444,27	2.099,00	115,99		NO
CAPITAL FEDERAL	Nafta (súper) entre 92 y 95 Ron		PAN AMERICAN ENERGY LLC, SUCURSAL ARGENTINA					Av. Cabildo 685/89/90/95 (esq. Olleros)			AXION		1.434,04	2.089,00	184,80		NO
CAPITAL FEDERAL	Nafta (súper) entre 92 y 95 Ron		PAN AMERICAN ENERGY LLC, SUCURSAL ARGENTINA					Av. Congreso 4801 (esq. Galvan)			AXION		1.443,63	2.099,00	200,61		NO
CAPITAL FEDERAL	Nafta (súper) entre 92 y 95 Ron		PAN AMERICAN ENERGY LLC, SUCURSAL ARGENTINA					Triunvirato 5878 (esq. Av. Crisólogo Larralde)			AXION		1.443,63	2.099,00	189,70		NO
CAPITAL FEDERAL	Nafta (súper) entre 92 y 95 Ron		DEHEZA S.A.I.C.F.E.I					AU. DELLEPIANE 4187 (MANO PROVINCIA)			SHELL C.A.P.S.A.		1.486,61	2.139,00	196,37		NO
CAPITAL FEDERAL	Nafta (súper) entre 92 y 95 Ron		PAN AMERICAN ENERGY LLC, SUCURSAL ARGENTINA					Av. Mosconi 2500 (esq. J.G. de Artigas)			AXION		1.443,63	2.099,00	232,48		NO
CAPITAL FEDERAL	Nafta (súper) entre 92 y 95 Ron		PAN AMERICAN ENERGY LLC, SUCURSAL ARGENTINA					Av. Monroe 3078 (esq. Balbin)			AXION		1.434,04	2.089,00	270,66		NO
CAPITAL FEDERAL	Nafta (súper) entre 92 y 95 Ron		PAN AMERICAN ENERGY LLC, SUCURSAL ARGENTINA					Av. Rivadavia 3199 (esq. Anchorena)			AXION		1.432,70	2.089,00	143,92		NO
CAPITAL FEDERAL	Nafta (súper) entre 92 y 95 Ron		PAN AMERICAN ENERGY LLC, SUCURSAL ARGENTINA					Av. La Plata 575 (esq. Alberdi)			AXION		1.432,70	2.089,00	156,68		NO
CAPITAL FEDERAL	Nafta (súper) entre 92 y 95 Ron		DEHEZA S.A.I.C.F.E.I					AU DELLEPIANE 4180			SHELL C.A.P.S.A.		1.486,61	2.139,00	167,49		NO
CAPITAL FEDERAL	Nafta (súper) entre 92 y 95 Ron		PAN AMERICAN ENERGY LLC, SUCURSAL ARGENTINA					Emilio Castro 6512 (esq. Cafayate)			AXION		1.443,63	2.099,00	184,20		NO
CAPITAL FEDERAL	Nafta (súper) entre 92 y 95 Ron		PAN AMERICAN ENERGY LLC, SUCURSAL ARGENTINA					Av. Gral. Paz 525 (esq. Cuevas)			AXION		1.443,63	2.099,00	430,30		NO
CAPITAL FEDERAL	Nafta (súper) entre 92 y 95 Ron		PAN AMERICAN ENERGY LLC, SUCURSAL ARGENTINA					Av. Rivadavia 8201/31 (esq. Joaquin V. Gonzalez)			AXION		1.443,63	2.099,00	116,20		NO
CAPITAL FEDERAL	Nafta (súper) entre 92 y 95 Ron		DEHEZA S.A.C.I.F.I					24 DE NOVIEMBRE E INDEPENDENCIA			SHELL C.A.P.S.A.		1.470,08	2.119,00	278,30		NO
CAPITAL FEDERAL	Nafta (súper) entre 92 y 95 Ron		PAN AMERICAN ENERGY LLC, SUCURSAL ARGENTINA					San Martín 1521 (esq. Luis Viale)			AXION		1.432,70	2.089,00	166,26		NO
CAPITAL FEDERAL	Nafta (súper) entre 92 y 95 Ron		PAN AMERICAN ENERGY LLC, SUCURSAL ARGENTINA					Av. Cruz 1501 (esq. Centenera)			AXION		1.443,63	2.099,00	161,57		NO
CAPITAL FEDERAL	Nafta (súper) entre 92 y 95 Ron		PAN AMERICAN ENERGY LLC, SUCURSAL ARGENTINA					Av. Juan de Garay 1302 (esq. Santiago del Estero)			AXION		1.443,63	2.099,00	187,44		NO
CAPITAL FEDERAL	Nafta (súper) entre 92 y 95 Ron		DARSISA S.A.					AV. JUAN B. JUSTO Nº 7099			YPF		590,87	2.045,00	363,06		NO
CAPITAL FEDERAL	Nafta (súper) entre 92 y 95 Ron		PAN AMERICAN ENERGY LLC, SUCURSAL ARGENTINA					J. B. Justo 8005 (esq. Lope De Vega)			AXION		1.443,63	2.099,00	229,33		NO
CAPITAL FEDERAL	Nafta (súper) entre 92 y 95 Ron		PAN AMERICAN ENERGY LLC, SUCURSAL ARGENTINA					Av. Jujuy 164/196 (esq. Alsina)			AXION		1.432,70	2.089,00	128,34		NO
CAPITAL FEDERAL	Nafta (súper) entre 92 y 95 Ron		PANAMERICANA SRL					AV. SAN MARTIN 5316			YPF		1.410,60	2.052,00	215,84		NO
CAPITAL FEDERAL	Nafta (súper) entre 92 y 95 Ron		ALGAVI SA					EVA PERON 2101			SHELL C.A.P.S.A.		1.482,65	2.129,00	85,21		NO
CAPITAL FEDERAL	Nafta (súper) entre 92 y 95 Ron		PAN AMERICAN ENERGY LLC, SUCURSAL ARGENTINA					Las Heras 2499 (esq. Galileo)			AXION		1.443,63	2.099,00	215,56		NO
CAPITAL FEDERAL	Nafta (súper) entre 92 y 95 Ron		OPESSA ACA ONCE					AV RIVADAVIA 3341			YPF		1.467,34	2.045,00	394,69		NO
CAPITAL FEDERAL	Nafta (súper) entre 92 y 95 Ron		OPESSA ACA CABALLITO					AV GAONA 1204 Y MARTIN DE GAINZA			YPF		1.467,34	2.045,00	472,44		NO
CAPITAL FEDERAL	Nafta (súper) entre 92 y 95 Ron		TERGEN SRL					Directorio 2578			YPF		1.401,09	2.032,00	352,90		NO
CAPITAL FEDERAL	Nafta (súper) entre 92 y 95 Ron		PASGAL S.A.					ATUEL 1093			SHELL C.A.P.S.A.		1.476,76	2.129,00	118,33		NO
CAPITAL FEDERAL	Nafta (súper) entre 92 y 95 Ron		OPESSA ACA AUTODROMO					AVENIDA CNEL. JOSE SEGUNDO ROCA 4550			YPF		1.456,23	2.032,00	297,58		NO
CAPITAL FEDERAL	Nafta (súper) entre 92 y 95 Ron		OPESSA					AV.FRANCISCO BEIRÓ 5804			YPF		1.473,33	2.052,00	270,46		NO
CAPITAL FEDERAL	Nafta (súper) entre 92 y 95 Ron		OPESSA					FIGUEROA ALCORTA 6608 Y ECHEVERRIA			YPF		1.472,47	2.051,00	619,20		NO
CAPITAL FEDERAL	Nafta (súper) entre 92 y 95 Ron		PERFORMANCE FUELS SRL					AV BEIRO 4610			SHELL C.A.P.S.A.		1.430,62	2.129,00	249,49		NO
CAPITAL FEDERAL	Nafta (súper) entre 92 y 95 Ron		CRISTINA ISABELLI DE MARTINEZ E HIJOS S.H					juramento 3411			DAPSA S.A.		1.444,03	2.069,00	23,00		NO
CAPITAL FEDERAL	Nafta (súper) entre 92 y 95 Ron		CORRO NORTE S.A					CORRO 501			YPF		1.676,68	2.045,00	201,23		NO
CAPITAL FEDERAL	Nafta (súper) entre 92 y 95 Ron		PETROLFE S.A.					Av.San Juan 2901			YPF		1.419,05	2.036,00	293,68		NO
CAPITAL FEDERAL	Nafta (súper) entre 92 y 95 Ron		OPESSA					AV DIAZ VELEZ 4373 Y YATAY			YPF		1.467,34	2.045,00	535,70		NO
CAPITAL FEDERAL	Nafta (súper) entre 92 y 95 Ron		OPESSA					AV DIRECTORIO 4311/27 Y OLIVERA			YPF		1.456,23	2.032,00	261,57		NO
CAPITAL FEDERAL	Nafta (súper) entre 92 y 95 Ron		OPESSA					AV CABILDO 3501			YPF		1.472,47	2.051,00	369,33		NO
CAPITAL FEDERAL	Nafta (súper) entre 92 y 95 Ron		OPESSA					AV DE LOS CONSTITUYENTES 6070			YPF		1.473,33	2.052,00	402,44		NO
CAPITAL FEDERAL	Nafta (súper) entre 92 y 95 Ron		OPESSA					AV CORDOBA 4201 Y PRINGLES			YPF		1.472,47	2.051,00	351,54		NO
CAPITAL FEDERAL	Nafta (súper) entre 92 y 95 Ron		OPESSA					J B JUSTO 1215 Y NICARAGUA			YPF		1.472,47	2.051,00	370,32		NO
